filename,width,height,class,xmin,ymin,xmax,ymax
I_CLMB-1A-rep2_bot_1.png,3840,2748,seed,2291,393,2331,428
I_CLMB-1A-rep2_bot_1.png,3840,2748,seed,2438,17,2471,60
I_CLMB-1A-rep2_bot_1.png,3840,2748,seed,2183,550,2215,597
I_CLMB-1A-rep2_bot_1.png,3840,2748,seed,1917,535,1951,585
I_CLMB-1A-rep2_bot_1.png,3840,2748,seed,1917,479,1957,524
I_CLMB-1A-rep2_bot_3.png,3840,2748,seed,1702,501,1747,545
I_CLMB-1A-rep2_bot_3.png,3840,2748,seed,1715,438,1757,494
I_CLMB-1A-rep2_bot_3.png,3840,2748,seed,2167,497,2211,567
I_CLMB-1A-rep2_bot_2.png,3840,2748,seed,2216,491,2261,546
I_CLMB-1A-rep2_bot_2.png,3840,2748,seed,1823,490,1879,535
I_CLMB-1A-rep2_bot_2.png,3840,2748,seed,1835,426,1884,480
I_CLMB-1B-rep2_top_1.png,3840,2748,seed,1785,2276,1832,2312
I_CLMB-1B-rep2_top_1.png,3840,2748,seed,2370,926,2397,976
I_CLMB-1B-rep2_top_1.png,3840,2748,seed,1743,540,1769,579
I_CLMB-1B-rep2_top_1.png,3840,2748,seed,2375,381,2406,435
I_CLMB-1B-rep2_top_1.png,3840,2748,seed,2437,352,2463,402
I_CLMB-1A-rep2_bot_5.png,3840,2748,seed,2572,375,2615,437
I_CLMB-1A-rep2_bot_5.png,3840,2748,seed,2170,433,2216,488
I_CLMB-1A-rep2_bot_5.png,3840,2748,seed,2177,359,2238,423
I_CLMB-1A-rep2_bot_4.png,3840,2748,seed,2958,587,3010,658
I_CLMB-1A-rep2_bot_4.png,3840,2748,seed,2489,612,2531,659
I_CLMB-1A-rep2_bot_4.png,3840,2748,seed,2500,534,2550,601
I_CLMB-1A-rep2_top_1.png,3840,2748,seed,2486,1826,2511,1861
I_CLMB-1A-rep2_top_1.png,3840,2748,seed,2429,1857,2467,1904
I_CLMB-1A-rep2_top_1.png,3840,2748,seed,2343,1662,2363,1700
I_CLMB-1A-rep2_top_1.png,3840,2748,seed,2305,1689,2325,1735
I_CLMB-1A-rep2_top_1.png,3840,2748,seed,2357,1608,2407,1645
I_CLMB-1A-rep2_top_1.png,3840,2748,seed,2495,1301,2538,1343
I_CLMB-1A-rep2_top_1.png,3840,2748,seed,2522,1206,2565,1257
I_CLMB-1A-rep2_top_1.png,3840,2748,seed,2523,1252,2548,1300
I_CLMB-1A-rep2_top_1.png,3840,2748,seed,2425,1323,2458,1366
I_CLMB-1A-rep2_top_1.png,3840,2748,seed,2452,1222,2499,1260
I_CLMB-1A-rep2_top_1.png,3840,2748,seed,1950,1147,2008,1178
I_CLMB-1A-rep2_top_1.png,3840,2748,seed,2051,1264,2091,1291
I_CLMB-1A-rep2_top_1.png,3840,2748,seed,2080,1244,2117,1268
I_CLMB-1A-rep2_top_1.png,3840,2748,seed,2214,1241,2246,1289
I_CLMB-1A-rep2_top_1.png,3840,2748,seed,2185,1291,2238,1324
I_CLMB-1A-rep2_top_1.png,3840,2748,seed,2352,1005,2381,1042
I_CLMB-1A-rep2_top_1.png,3840,2748,seed,2034,1323,2063,1379
I_CLMB-1A-rep2_top_1.png,3840,2748,seed,2030,1287,2063,1308
I_CLMB-1A-rep2_top_1.png,3840,2748,seed,2054,1199,2078,1248
I_CLMB-1A-rep2_top_1.png,3840,2748,seed,1905,1268,1943,1311
I_CLMB-1A-rep2_top_1.png,3840,2748,seed,1964,1618,2001,1657
I_CLMB-1A-rep2_top_1.png,3840,2748,seed,2056,1454,2090,1498
I_CLMB-1A-rep2_top_1.png,3840,2748,seed,2056,1376,2095,1412
I_CLMB-1A-rep2_top_1.png,3840,2748,seed,1979,1520,2013,1565
I_CLMB-1A-rep2_top_1.png,3840,2748,seed,2010,1452,2050,1487
I_CLMB-1A-rep2_top_1.png,3840,2748,seed,1947,1639,1971,1686
I_CLMB-1A-rep2_top_1.png,3840,2748,seed,1834,1800,1878,1826
I_CLMB-1A-rep2_top_1.png,3840,2748,seed,1947,1711,1972,1752
I_CLMB-1A-rep2_top_1.png,3840,2748,seed,1928,1633,1945,1679
I_CLMB-1A-rep2_top_1.png,3840,2748,seed,1898,1647,1920,1692
I_CLMB-1A-rep2_top_1.png,3840,2748,seed,1877,1585,1895,1620
I_CLMB-1A-rep2_top_1.png,3840,2748,seed,1850,1571,1880,1604
I_CLMB-1A-rep2_top_1.png,3840,2748,seed,1884,1493,1930,1528
I_CLMB-1A-rep2_top_1.png,3840,2748,seed,1873,1386,1906,1422
I_CLMB-1A-rep2_top_1.png,3840,2748,seed,1836,1929,1872,1976
I_CLMB-1A-rep2_top_1.png,3840,2748,seed,1799,1919,1821,1949
I_CLMB-1A-rep2_top_1.png,3840,2748,seed,1767,1862,1799,1885
I_CLMB-1A-rep2_top_1.png,3840,2748,seed,1707,1853,1742,1883
I_CLMB-1A-rep2_top_1.png,3840,2748,seed,1767,1827,1806,1849
I_CLMB-1A-rep2_top_1.png,3840,2748,seed,1732,1778,1778,1808
I_CLMB-1A-rep2_top_1.png,3840,2748,seed,1761,1630,1811,1668
I_CLMB-1A-rep2_top_1.png,3840,2748,seed,1854,1756,1884,1787
I_CLMB-1A-rep2_top_1.png,3840,2748,seed,1950,1939,1984,1992
I_CLMB-1A-rep2_top_1.png,3840,2748,seed,2032,1998,2047,2031
I_CLMB-1A-rep2_top_1.png,3840,2748,seed,2035,2122,2059,2165
I_CLMB-1A-rep2_top_1.png,3840,2748,seed,2056,2124,2082,2171
I_CLMB-1A-rep2_top_1.png,3840,2748,seed,1917,2623,1939,2659
I_CLMB-1A-rep2_top_1.png,3840,2748,seed,1940,2565,1980,2598
I_CLMB-1A-rep2_top_1.png,3840,2748,seed,1963,2518,1986,2556
I_CLMB-1A-rep2_top_1.png,3840,2748,seed,1756,1885,1787,1917
I_CLMB-1A-rep2_top_1.png,3840,2748,seed,1787,2586,1822,2625
I_CLMB-1A-rep2_top_1.png,3840,2748,seed,1633,2622,1672,2648
I_CLMB-1A-rep2_top_1.png,3840,2748,seed,1663,2589,1685,2627
I_CLMB-1A-rep2_top_1.png,3840,2748,seed,1799,2511,1829,2561
I_CLMB-1A-rep2_top_1.png,3840,2748,seed,1676,2196,1706,2237
I_CLMB-1A-rep2_top_1.png,3840,2748,seed,1703,2265,1742,2307
I_CLMB-1A-rep2_top_1.png,3840,2748,seed,1727,2350,1754,2399
I_CLMB-1A-rep2_top_1.png,3840,2748,seed,1870,1991,1910,2026
I_CLMB-1A-rep2_top_1.png,3840,2748,seed,1855,2070,1887,2118
I_CLMB-1A-rep2_top_1.png,3840,2748,seed,1897,2166,1922,2219
I_CLMB-1A-rep2_top_1.png,3840,2748,seed,1807,2133,1832,2185
I_CLMB-1A-rep2_top_1.png,3840,2748,seed,1789,2082,1810,2118
I_CLMB-1A-rep2_top_1.png,3840,2748,seed,1737,2027,1777,2056
I_CLMB-1A-rep2_top_1.png,3840,2748,seed,1648,2140,1680,2173
I_CLMB-1A-rep2_top_1.png,3840,2748,seed,1593,2239,1618,2267
I_CLMB-1A-rep2_top_1.png,3840,2748,seed,1611,2259,1646,2286
I_CLMB-1A-rep2_top_1.png,3840,2748,seed,1571,2209,1594,2248
I_CLMB-1A-rep2_top_1.png,3840,2748,seed,1612,2294,1647,2324
I_CLMB-1A-rep2_top_1.png,3840,2748,seed,1764,2650,1786,2702
I_CLMB-1A-rep2_top_1.png,3840,2748,seed,1645,2670,1681,2730
I_CLMB-1A-rep2_top_1.png,3840,2748,seed,1627,2580,1651,2615
I_CLMB-1A-rep2_top_1.png,3840,2748,seed,1700,2596,1726,2641
I_CLMB-1A-rep2_top_1.png,3840,2748,seed,1730,2456,1768,2511
I_CLMB-1A-rep2_top_1.png,3840,2748,seed,1806,2466,1834,2497
I_CLMB-1A-rep2_top_1.png,3840,2748,seed,1973,2301,2003,2348
I_CLMB-1A-rep2_top_1.png,3840,2748,seed,1993,2282,2034,2317
I_CLMB-1A-rep2_top_1.png,3840,2748,seed,2060,2558,2090,2601
I_CLMB-1A-rep2_top_1.png,3840,2748,seed,2076,2455,2109,2490
I_CLMB-1A-rep2_top_1.png,3840,2748,seed,2105,2475,2138,2508
I_CLMB-1A-rep2_top_1.png,3840,2748,seed,2170,2139,2196,2179
I_CLMB-1A-rep2_top_1.png,3840,2748,seed,2212,2098,2245,2144
I_CLMB-1A-rep2_top_1.png,3840,2748,seed,2287,2140,2325,2179
I_CLMB-1A-rep2_top_1.png,3840,2748,seed,2084,2069,2110,2116
I_CLMB-1A-rep2_top_1.png,3840,2748,seed,2054,1784,2099,1825
I_CLMB-1A-rep2_top_1.png,3840,2748,seed,2082,1145,2126,1183
I_CLMB-1A-rep2_top_1.png,3840,2748,seed,2159,1272,2187,1299
I_CLMB-1A-rep2_top_1.png,3840,2748,seed,2109,1438,2141,1484
I_CLMB-1A-rep2_top_1.png,3840,2748,seed,2271,1854,2299,1893
I_CLMB-1A-rep2_top_1.png,3840,2748,seed,2331,1740,2354,1783
I_CLMB-1A-rep2_top_1.png,3840,2748,seed,2278,1795,2317,1833
I_CLMB-1A-rep2_top_1.png,3840,2748,seed,2255,1828,2276,1876
I_CLMB-1A-rep2_top_1.png,3840,2748,seed,2268,1898,2296,1931
I_CLMB-1A-rep2_top_1.png,3840,2748,seed,2174,1701,2200,1749
I_CLMB-1A-rep2_top_1.png,3840,2748,seed,2134,1789,2182,1828
I_CLMB-1A-rep2_top_1.png,3840,2748,seed,2192,1855,2222,1901
I_CLMB-1A-rep2_top_1.png,3840,2748,seed,2508,1808,2544,1840
I_CLMB-1A-rep2_top_1.png,3840,2748,seed,2541,1744,2582,1791
I_CLMB-1A-rep2_top_1.png,3840,2748,seed,2557,1704,2597,1737
I_CLMB-1A-rep2_top_1.png,3840,2748,seed,2359,1725,2403,1760
I_CLMB-1A-rep2_top_1.png,3840,2748,seed,2169,1605,2218,1644
I_CLMB-1A-rep2_top_1.png,3840,2748,seed,2322,1617,2347,1656
I_CLMB-1A-rep2_top_1.png,3840,2748,seed,2440,1550,2471,1590
I_CLMB-1A-rep2_top_1.png,3840,2748,seed,2403,1631,2436,1672
I_CLMB-1A-rep2_top_1.png,3840,2748,seed,2336,1568,2364,1619
I_CLMB-1A-rep2_top_1.png,3840,2748,seed,2393,1524,2415,1567
I_CLMB-1A-rep2_top_1.png,3840,2748,seed,2472,1500,2520,1522
I_CLMB-1A-rep2_top_1.png,3840,2748,seed,2484,1458,2513,1503
I_CLMB-1A-rep2_top_1.png,3840,2748,seed,2441,1377,2462,1416
I_CLMB-1A-rep2_top_1.png,3840,2748,seed,2314,1326,2339,1376
I_CLMB-1A-rep2_top_1.png,3840,2748,seed,2254,1244,2287,1299
I_CLMB-1A-rep2_top_1.png,3840,2748,seed,2184,1255,2210,1298
I_CLMB-1A-rep2_top_1.png,3840,2748,seed,2150,1161,2177,1208
I_CLMB-1A-rep2_top_1.png,3840,2748,seed,2221,1198,2254,1239
I_CLMB-1A-rep2_top_1.png,3840,2748,seed,2395,1186,2420,1229
I_CLMB-1A-rep2_top_1.png,3840,2748,seed,2368,1264,2404,1295
I_CLMB-1A-rep2_top_1.png,3840,2748,seed,2462,1176,2489,1217
I_CLMB-1A-rep2_top_1.png,3840,2748,seed,2548,1153,2584,1198
I_CLMB-1A-rep2_top_1.png,3840,2748,seed,2567,1374,2594,1404
I_CLMB-1A-rep2_top_1.png,3840,2748,seed,2598,1333,2637,1364
I_CLMB-1A-rep2_top_1.png,3840,2748,seed,2643,1266,2680,1315
I_CLMB-1A-rep2_top_1.png,3840,2748,seed,2578,1275,2600,1320
I_CLMB-1A-rep2_top_1.png,3840,2748,seed,2665,1139,2691,1185
I_CLMB-1A-rep2_top_1.png,3840,2748,seed,2715,1104,2734,1147
I_CLMB-1A-rep2_top_1.png,3840,2748,seed,2816,738,2867,782
I_CLMB-1A-rep2_top_1.png,3840,2748,seed,2629,956,2685,981
I_CLMB-1A-rep2_top_1.png,3840,2748,seed,2601,979,2632,1033
I_CLMB-1A-rep2_top_1.png,3840,2748,seed,2617,1066,2649,1115
I_CLMB-1A-rep2_top_1.png,3840,2748,seed,2532,989,2555,1037
I_CLMB-1A-rep2_top_1.png,3840,2748,seed,2520,777,2546,831
I_CLMB-1A-rep2_top_1.png,3840,2748,seed,2395,867,2429,900
I_CLMB-1A-rep2_top_1.png,3840,2748,seed,2444,946,2481,973
I_CLMB-1A-rep2_top_1.png,3840,2748,seed,2201,1050,2243,1106
I_CLMB-1A-rep2_top_1.png,3840,2748,seed,2391,902,2429,954
I_CLMB-1A-rep2_top_1.png,3840,2748,seed,2573,920,2606,975
I_CLMB-1A-rep2_top_1.png,3840,2748,seed,2825,951,2877,1002
I_CLMB-1A-rep2_top_1.png,3840,2748,seed,2429,677,2469,738
I_CLMB-1A-rep2_top_1.png,3840,2748,seed,2704,886,2754,925
I_CLMB-1A-rep2_top_1.png,3840,2748,seed,2629,873,2678,915
I_CLMB-1A-rep2_top_1.png,3840,2748,seed,2656,692,2704,740
I_CLMB-1A-rep2_top_1.png,3840,2748,seed,2932,790,2978,832
I_CLMB-1A-rep2_top_1.png,3840,2748,seed,2997,752,3062,784
I_CLMB-1A-rep2_top_1.png,3840,2748,seed,2540,734,2566,786
I_CLMB-1A-rep2_top_1.png,3840,2748,seed,2734,675,2800,703
I_CLMB-1A-rep2_top_1.png,3840,2748,seed,2889,471,2931,531
I_CLMB-1A-rep2_top_1.png,3840,2748,seed,2968,387,3002,450
I_CLMB-1A-rep2_top_1.png,3840,2748,seed,3015,351,3034,422
I_CLMB-1A-rep2_top_1.png,3840,2748,seed,2752,543,2787,605
I_CLMB-1A-rep2_top_1.png,3840,2748,seed,2739,603,2789,648
I_CLMB-1A-rep2_top_1.png,3840,2748,seed,2809,472,2834,532
I_CLMB-1A-rep2_top_1.png,3840,2748,seed,2717,482,2768,536
I_CLMB-1A-rep2_top_1.png,3840,2748,seed,2734,421,2775,476
I_CLMB-1A-rep2_top_1.png,3840,2748,seed,2849,449,2901,505
I_CLMB-1A-rep2_top_1.png,3840,2748,seed,2369,603,2411,646
I_CLMB-1A-rep2_top_1.png,3840,2748,seed,2305,454,2375,496
I_CLMB-1A-rep2_top_1.png,3840,2748,seed,2270,216,2321,269
I_CLMB-1A-rep2_top_1.png,3840,2748,seed,2910,365,2966,402
I_CLMB-1A-rep2_top_1.png,3840,2748,seed,2833,330,2864,388
I_CLMB-1B-rep1_bot_1.png,3840,2748,seed,2114,1840,2132,1889
I_CLMB-1B-rep1_bot_1.png,3840,2748,seed,2107,1788,2122,1817
I_CLMB-1B-rep1_bot_1.png,3840,2748,seed,2183,1347,2196,1391
I_CLMB-1B-rep1_bot_1.png,3840,2748,seed,2278,1296,2301,1342
I_CLMB-1B-rep1_bot_1.png,3840,2748,seed,2161,1306,2189,1358
I_CLMB-1B-rep1_bot_1.png,3840,2748,seed,2184,1202,2214,1255
I_CLMB-1B-rep1_bot_1.png,3840,2748,seed,2265,1109,2290,1160
I_CLMB-1B-rep1_bot_1.png,3840,2748,seed,2176,1087,2208,1136
I_CLMB-1B-rep1_bot_1.png,3840,2748,seed,2123,1237,2149,1286
I_CLMB-1B-rep1_bot_1.png,3840,2748,seed,2175,1776,2196,1806
I_CLMB-1B-rep1_bot_1.png,3840,2748,seed,2244,576,2270,622
I_CLMB-1B-rep1_bot_1.png,3840,2748,seed,1898,181,1935,227
I_CLMB-1B-rep1_bot_1.png,3840,2748,seed,1852,336,1877,383
I_CLMB-1B-rep1_bot_1.png,3840,2748,seed,1458,442,1490,496
I_CLMB-1B-rep1_bot_1.png,3840,2748,seed,1820,939,1848,989
I_CLMB-1B-rep1_bot_1.png,3840,2748,seed,1693,1143,1716,1184
I_CLMB-1B-rep1_bot_1.png,3840,2748,seed,1687,900,1715,954
I_CLMB-1B-rep1_bot_1.png,3840,2748,seed,1665,1052,1694,1101
I_CLMB-1B-rep1_bot_1.png,3840,2748,seed,1550,924,1576,973
I_CLMB-1B-rep1_bot_1.png,3840,2748,seed,1420,752,1453,795
I_CLMB-1B-rep1_bot_1.png,3840,2748,seed,1577,1410,1602,1452
I_CLMB-1B-rep1_bot_1.png,3840,2748,seed,1529,1335,1565,1379
I_CLMB-1B-rep1_bot_1.png,3840,2748,seed,2068,1391,2103,1431
I_CLMB-1B-rep1_bot_1.png,3840,2748,seed,2040,1582,2063,1626
I_CLMB-1B-rep1_bot_1.png,3840,2748,seed,2185,1679,2211,1725
I_CLMB-1B-rep1_bot_1.png,3840,2748,seed,2228,1639,2243,1683
I_CLMB-1B-rep1_bot_1.png,3840,2748,seed,2137,1591,2167,1629
I_CLMB-1B-rep1_bot_1.png,3840,2748,seed,2292,1514,2314,1553
I_CLMB-1B-rep1_bot_1.png,3840,2748,seed,2106,1725,2133,1774
I_CLMB-1B-rep1_bot_1.png,3840,2748,seed,2146,1879,2166,1921
I_CLMB-1B-rep1_bot_1.png,3840,2748,seed,1831,2043,1853,2096
I_CLMB-1B-rep1_bot_1.png,3840,2748,seed,1618,2182,1646,2215
I_CLMB-1B-rep1_bot_1.png,3840,2748,seed,1311,1537,1352,1576
I_CLMB-1B-rep1_bot_1.png,3840,2748,seed,1511,1721,1534,1769
I_CLMB-1B-rep1_bot_1.png,3840,2748,seed,1447,1660,1492,1699
I_CLMB-1B-rep1_bot_1.png,3840,2748,seed,1324,1862,1364,1889
I_CLMB-1B-rep1_bot_1.png,3840,2748,seed,1671,2376,1698,2421
I_CLMB-1B-rep1_bot_1.png,3840,2748,seed,1658,2358,1704,2376
I_CLMB-1B-rep1_bot_1.png,3840,2748,seed,1522,2019,1549,2062
I_CLMB-1B-rep1_bot_1.png,3840,2748,seed,1485,1974,1518,1998
I_CLMB-1B-rep1_bot_1.png,3840,2748,seed,1540,2154,1578,2181
I_CLMB-1B-rep1_bot_1.png,3840,2748,seed,1492,2108,1527,2133
I_CLMB-1B-rep1_bot_1.png,3840,2748,seed,1633,2306,1669,2332
I_CLMB-1B-rep1_bot_1.png,3840,2748,seed,1622,2252,1643,2300
I_CLMB-1A-rep1_top_1.png,3840,2748,seed,1626,2266,1671,2284
I_CLMB-1A-rep1_top_1.png,3840,2748,seed,1676,2271,1728,2304
I_CLMB-1A-rep1_top_1.png,3840,2748,seed,1432,2302,1463,2331
I_CLMB-1A-rep1_top_1.png,3840,2748,seed,1513,2601,1546,2626
I_CLMB-1A-rep1_top_1.png,3840,2748,seed,1513,2657,1539,2680
I_CLMB-1A-rep1_top_1.png,3840,2748,seed,1501,2634,1532,2649
I_CLMB-1A-rep1_top_1.png,3840,2748,seed,1497,2628,1534,2638
I_CLMB-1A-rep1_top_1.png,3840,2748,seed,1438,2566,1485,2598
I_CLMB-1A-rep1_top_1.png,3840,2748,seed,1505,2447,1536,2477
I_CLMB-1A-rep1_top_1.png,3840,2748,seed,1528,2437,1550,2471
I_CLMB-1A-rep1_top_1.png,3840,2748,seed,1573,2512,1594,2539
I_CLMB-1A-rep1_top_1.png,3840,2748,seed,1545,2485,1569,2522
I_CLMB-1A-rep1_top_1.png,3840,2748,seed,1587,2527,1613,2545
I_CLMB-1A-rep1_top_1.png,3840,2748,seed,1704,2370,1733,2397
I_CLMB-1A-rep1_top_1.png,3840,2748,seed,1749,2344,1771,2377
I_CLMB-1A-rep1_top_1.png,3840,2748,seed,1740,2323,1775,2344
I_CLMB-1A-rep1_top_1.png,3840,2748,seed,2268,2704,2304,2730
I_CLMB-1A-rep1_top_1.png,3840,2748,seed,2912,1654,2979,1703
I_CLMB-1A-rep1_top_1.png,3840,2748,seed,1117,1718,1143,1774
I_CLMB-1A-rep1_top_1.png,3840,2748,seed,1335,1921,1368,1966
I_CLMB-1A-rep1_top_1.png,3840,2748,seed,1097,1906,1148,1937
I_CLMB-1A-rep1_top_1.png,3840,2748,seed,1185,1945,1235,1987
I_CLMB-1A-rep1_top_1.png,3840,2748,seed,1538,2620,1583,2646
I_CLMB-1A-rep1_top_1.png,3840,2748,seed,1473,2429,1514,2470
I_CLMB-1A-rep1_top_1.png,3840,2748,seed,1485,2248,1522,2276
I_CLMB-1A-rep1_top_1.png,3840,2748,seed,1666,2212,1690,2233
I_CLMB-1A-rep1_top_1.png,3840,2748,seed,1484,2167,1511,2190
I_CLMB-1A-rep1_top_1.png,3840,2748,seed,1241,2230,1285,2267
I_CLMB-1A-rep1_top_1.png,3840,2748,seed,1363,2173,1387,2217
I_CLMB-1A-rep1_top_1.png,3840,2748,seed,1341,2141,1392,2166
I_CLMB-1A-rep1_top_1.png,3840,2748,seed,1401,2097,1452,2132
I_CLMB-1A-rep1_top_1.png,3840,2748,seed,1294,2043,1322,2091
I_CLMB-1A-rep1_top_1.png,3840,2748,seed,1277,2170,1303,2208
I_CLMB-1A-rep1_top_1.png,3840,2748,seed,1505,2572,1528,2606
I_CLMB-1A-rep1_top_1.png,3840,2748,seed,1477,2586,1504,2626
I_CLMB-1A-rep1_top_1.png,3840,2748,seed,1398,2566,1427,2605
I_CLMB-1A-rep1_top_1.png,3840,2748,seed,1437,2530,1467,2575
I_CLMB-1A-rep1_top_1.png,3840,2748,seed,1565,2598,1603,2634
I_CLMB-1A-rep1_top_1.png,3840,2748,seed,1496,2519,1542,2542
I_CLMB-1A-rep1_top_1.png,3840,2748,seed,1492,2484,1532,2513
I_CLMB-1A-rep1_top_1.png,3840,2748,seed,1512,2677,1547,2698
I_CLMB-1A-rep1_top_1.png,3840,2748,seed,1396,2726,1422,2747
I_CLMB-1A-rep1_top_1.png,3840,2748,seed,1437,2650,1488,2675
I_CLMB-1A-rep1_top_1.png,3840,2748,seed,1442,2604,1472,2644
I_CLMB-1A-rep1_top_1.png,3840,2748,seed,1748,2463,1769,2492
I_CLMB-1A-rep1_top_1.png,3840,2748,seed,1584,2551,1614,2583
I_CLMB-1A-rep1_top_1.png,3840,2748,seed,1361,2466,1405,2495
I_CLMB-1A-rep1_top_1.png,3840,2748,seed,1346,2402,1380,2435
I_CLMB-1A-rep1_top_1.png,3840,2748,seed,1372,2368,1405,2414
I_CLMB-1A-rep1_top_1.png,3840,2748,seed,1421,2412,1468,2447
I_CLMB-1A-rep1_top_1.png,3840,2748,seed,1455,2328,1480,2368
I_CLMB-1A-rep1_top_1.png,3840,2748,seed,1402,2281,1454,2313
I_CLMB-1A-rep1_top_1.png,3840,2748,seed,1459,2268,1485,2308
I_CLMB-1A-rep1_top_1.png,3840,2748,seed,1501,2335,1544,2363
I_CLMB-1A-rep1_top_1.png,3840,2748,seed,1677,2595,1695,2626
I_CLMB-1A-rep1_top_1.png,3840,2748,seed,1658,2617,1681,2644
I_CLMB-1A-rep1_top_1.png,3840,2748,seed,1805,2599,1829,2622
I_CLMB-1A-rep1_top_1.png,3840,2748,seed,1740,2545,1762,2587
I_CLMB-1A-rep1_top_1.png,3840,2748,seed,1690,2515,1713,2557
I_CLMB-1A-rep1_top_1.png,3840,2748,seed,1668,2453,1693,2475
I_CLMB-1A-rep1_top_1.png,3840,2748,seed,1683,2433,1707,2472
I_CLMB-1A-rep1_top_1.png,3840,2748,seed,1821,2425,1844,2461
I_CLMB-1A-rep1_top_1.png,3840,2748,seed,1820,2401,1845,2433
I_CLMB-1A-rep1_top_1.png,3840,2748,seed,1801,2389,1824,2415
I_CLMB-1A-rep1_top_1.png,3840,2748,seed,1852,2538,1873,2579
I_CLMB-1A-rep1_top_1.png,3840,2748,seed,2019,2192,2043,2229
I_CLMB-1A-rep1_top_1.png,3840,2748,seed,1824,1769,1852,1814
I_CLMB-1A-rep1_top_1.png,3840,2748,seed,1849,1754,1871,1773
I_CLMB-1A-rep1_top_1.png,3840,2748,seed,1789,1667,1820,1700
I_CLMB-1A-rep1_top_1.png,3840,2748,seed,1816,1712,1842,1748
I_CLMB-1A-rep1_top_1.png,3840,2748,seed,1770,1740,1803,1771
I_CLMB-1A-rep1_top_1.png,3840,2748,seed,1794,1567,1820,1605
I_CLMB-1A-rep1_top_1.png,3840,2748,seed,1776,1604,1809,1635
I_CLMB-1A-rep1_top_1.png,3840,2748,seed,1800,1587,1834,1616
I_CLMB-1A-rep1_top_1.png,3840,2748,seed,2353,1408,2376,1464
I_CLMB-1A-rep1_top_1.png,3840,2748,seed,2227,1594,2250,1631
I_CLMB-1A-rep1_top_1.png,3840,2748,seed,2184,1559,2227,1591
I_CLMB-1A-rep1_top_1.png,3840,2748,seed,2359,2081,2403,2108
I_CLMB-1A-rep1_top_1.png,3840,2748,seed,2487,2039,2520,2065
I_CLMB-1A-rep1_top_1.png,3840,2748,seed,2414,2008,2444,2035
I_CLMB-1A-rep1_top_1.png,3840,2748,seed,2268,2275,2307,2295
I_CLMB-1A-rep1_top_1.png,3840,2748,seed,2368,1919,2389,1957
I_CLMB-1A-rep1_top_1.png,3840,2748,seed,2344,1943,2367,1985
I_CLMB-1A-rep1_top_1.png,3840,2748,seed,2197,1808,2224,1853
I_CLMB-1A-rep1_top_1.png,3840,2748,seed,2092,2061,2113,2110
I_CLMB-1A-rep1_top_1.png,3840,2748,seed,2129,2039,2153,2065
I_CLMB-1A-rep1_top_1.png,3840,2748,seed,2258,2017,2282,2044
I_CLMB-1A-rep1_top_1.png,3840,2748,seed,2295,1905,2319,1932
I_CLMB-1A-rep1_top_1.png,3840,2748,seed,2118,1896,2147,1923
I_CLMB-1A-rep1_top_1.png,3840,2748,seed,2106,1870,2125,1911
I_CLMB-1A-rep1_top_1.png,3840,2748,seed,1869,1855,1909,1879
I_CLMB-1A-rep1_top_1.png,3840,2748,seed,1911,1856,1955,1881
I_CLMB-1A-rep1_top_1.png,3840,2748,seed,1918,1877,1956,1897
I_CLMB-1A-rep1_top_1.png,3840,2748,seed,1915,1829,1962,1858
I_CLMB-1A-rep1_top_1.png,3840,2748,seed,1959,2024,2001,2048
I_CLMB-1A-rep1_top_1.png,3840,2748,seed,1985,2137,2028,2169
I_CLMB-1A-rep1_top_1.png,3840,2748,seed,1974,2245,1997,2282
I_CLMB-1A-rep1_top_1.png,3840,2748,seed,2052,2348,2074,2387
I_CLMB-1A-rep1_top_1.png,3840,2748,seed,1979,2445,2007,2473
I_CLMB-1A-rep1_top_1.png,3840,2748,seed,1974,2478,1995,2512
I_CLMB-1A-rep1_top_1.png,3840,2748,seed,1947,2433,1972,2460
I_CLMB-1A-rep1_top_1.png,3840,2748,seed,1935,2223,1952,2266
I_CLMB-1A-rep1_top_1.png,3840,2748,seed,2008,2293,2035,2324
I_CLMB-1A-rep1_top_1.png,3840,2748,seed,2034,2218,2078,2256
I_CLMB-1A-rep1_top_1.png,3840,2748,seed,2049,2196,2074,2248
I_CLMB-1A-rep1_top_1.png,3840,2748,seed,2293,2310,2318,2354
I_CLMB-1A-rep1_top_1.png,3840,2748,seed,1935,2465,1968,2501
I_CLMB-1A-rep1_top_1.png,3840,2748,seed,1965,2412,2008,2442
I_CLMB-1A-rep1_top_1.png,3840,2748,seed,1898,2467,1924,2509
I_CLMB-1A-rep1_top_1.png,3840,2748,seed,1982,2325,2013,2355
I_CLMB-1A-rep1_top_1.png,3840,2748,seed,2093,2121,2116,2161
I_CLMB-1A-rep1_top_1.png,3840,2748,seed,2233,2264,2260,2296
I_CLMB-1A-rep1_top_1.png,3840,2748,seed,2531,1899,2552,1935
I_CLMB-1A-rep1_top_1.png,3840,2748,seed,2487,1934,2512,1967
I_CLMB-1A-rep1_top_1.png,3840,2748,seed,2420,1925,2436,1971
I_CLMB-1A-rep1_top_1.png,3840,2748,seed,2472,2079,2499,2116
I_CLMB-1A-rep1_top_1.png,3840,2748,seed,2564,2082,2593,2101
I_CLMB-1A-rep1_top_1.png,3840,2748,seed,2643,2007,2669,2036
I_CLMB-1A-rep1_top_1.png,3840,2748,seed,2608,2009,2632,2050
I_CLMB-1A-rep1_top_1.png,3840,2748,seed,2568,2012,2594,2054
I_CLMB-1A-rep1_top_1.png,3840,2748,seed,2447,2061,2468,2092
I_CLMB-1A-rep1_top_1.png,3840,2748,seed,2156,2390,2198,2416
I_CLMB-1A-rep1_top_1.png,3840,2748,seed,2615,2102,2652,2124
I_CLMB-1A-rep1_top_1.png,3840,2748,seed,2539,2113,2562,2148
I_CLMB-1A-rep1_top_1.png,3840,2748,seed,2439,2149,2461,2177
I_CLMB-1A-rep1_top_1.png,3840,2748,seed,2415,2195,2448,2228
I_CLMB-1A-rep1_top_1.png,3840,2748,seed,2211,2479,2234,2517
I_CLMB-1A-rep1_top_1.png,3840,2748,seed,2231,2420,2251,2447
I_CLMB-1A-rep1_top_1.png,3840,2748,seed,2247,2084,2275,2123
I_CLMB-1A-rep1_top_1.png,3840,2748,seed,2267,2178,2285,2217
I_CLMB-1A-rep1_top_1.png,3840,2748,seed,2256,2331,2284,2370
I_CLMB-1A-rep1_top_1.png,3840,2748,seed,2071,2439,2093,2481
I_CLMB-1A-rep1_top_1.png,3840,2748,seed,2042,2539,2079,2563
I_CLMB-1A-rep1_top_1.png,3840,2748,seed,2117,2642,2156,2689
I_CLMB-1A-rep1_top_1.png,3840,2748,seed,2169,2522,2192,2566
I_CLMB-1A-rep1_top_1.png,3840,2748,seed,2274,2654,2299,2693
I_CLMB-1A-rep1_top_1.png,3840,2748,seed,2243,2656,2280,2677
I_CLMB-1A-rep1_top_1.png,3840,2748,seed,2178,2717,2206,2748
I_CLMB-1A-rep1_top_1.png,3840,2748,seed,2296,2660,2312,2699
I_CLMB-1A-rep1_top_1.png,3840,2748,seed,2348,2519,2372,2555
I_CLMB-1A-rep1_top_1.png,3840,2748,seed,2419,2390,2442,2414
I_CLMB-1A-rep1_top_1.png,3840,2748,seed,2450,2364,2468,2398
I_CLMB-1A-rep1_top_1.png,3840,2748,seed,2366,2407,2400,2452
I_CLMB-1A-rep1_top_1.png,3840,2748,seed,2480,2436,2503,2459
I_CLMB-1A-rep1_top_1.png,3840,2748,seed,2443,2460,2463,2487
I_CLMB-1A-rep1_top_1.png,3840,2748,seed,2521,2441,2560,2468
I_CLMB-1A-rep1_top_1.png,3840,2748,seed,2600,2393,2632,2423
I_CLMB-1A-rep1_top_1.png,3840,2748,seed,2661,2382,2700,2405
I_CLMB-1A-rep1_top_1.png,3840,2748,seed,2716,2144,2747,2175
I_CLMB-1A-rep1_top_1.png,3840,2748,seed,2663,2121,2684,2152
I_CLMB-1A-rep1_top_1.png,3840,2748,seed,2666,2299,2709,2343
I_CLMB-1A-rep1_top_1.png,3840,2748,seed,2535,2294,2575,2324
I_CLMB-1A-rep1_top_1.png,3840,2748,seed,2563,2198,2621,2223
I_CLMB-1A-rep1_top_1.png,3840,2748,seed,2787,2086,2828,2120
I_CLMB-1A-rep1_top_1.png,3840,2748,seed,3185,2304,3220,2333
I_CLMB-1A-rep1_top_1.png,3840,2748,seed,3241,2281,3296,2313
I_CLMB-1A-rep1_top_1.png,3840,2748,seed,3463,2209,3530,2238
I_CLMB-1A-rep1_top_1.png,3840,2748,seed,3327,2273,3386,2306
I_CLMB-1A-rep1_top_1.png,3840,2748,seed,3322,2236,3391,2267
I_CLMB-1A-rep1_top_1.png,3840,2748,seed,3567,2269,3627,2307
I_CLMB-1A-rep1_top_1.png,3840,2748,seed,3457,2257,3489,2300
I_CLMB-1A-rep1_top_1.png,3840,2748,seed,3766,2292,3820,2333
I_CLMB-1A-rep1_top_1.png,3840,2748,seed,2514,709,2570,781
I_CLMB-1A-rep1_top_1.png,3840,2748,seed,2786,1950,2816,1986
I_CLMB-1A-rep1_top_1.png,3840,2748,seed,2896,1834,2928,1864
I_CLMB-1A-rep1_top_1.png,3840,2748,seed,2816,1849,2835,1888
I_CLMB-1A-rep1_top_1.png,3840,2748,seed,2777,1853,2814,1878
I_CLMB-1A-rep1_top_1.png,3840,2748,seed,2821,1820,2853,1849
I_CLMB-1A-rep1_top_1.png,3840,2748,seed,2691,1742,2716,1789
I_CLMB-1A-rep1_top_1.png,3840,2748,seed,2744,1764,2788,1793
I_CLMB-1A-rep1_top_1.png,3840,2748,seed,2464,1725,2503,1786
I_CLMB-1A-rep1_top_1.png,3840,2748,seed,2453,1775,2500,1814
I_CLMB-1A-rep1_top_1.png,3840,2748,seed,2404,1597,2451,1630
I_CLMB-1A-rep1_top_1.png,3840,2748,seed,2563,1484,2587,1529
I_CLMB-1A-rep1_top_1.png,3840,2748,seed,2550,1456,2587,1492
I_CLMB-1A-rep1_top_1.png,3840,2748,seed,2524,1420,2558,1457
I_CLMB-1A-rep1_top_1.png,3840,2748,seed,2550,1348,2589,1389
I_CLMB-1A-rep1_top_1.png,3840,2748,seed,2578,1254,2598,1302
I_CLMB-1A-rep1_top_1.png,3840,2748,seed,2603,1250,2630,1305
I_CLMB-1A-rep1_top_1.png,3840,2748,seed,2557,1267,2586,1306
I_CLMB-1A-rep1_top_1.png,3840,2748,seed,3319,1005,3377,1032
I_CLMB-1A-rep1_top_1.png,3840,2748,seed,3184,1139,3244,1165
I_CLMB-1A-rep1_top_1.png,3840,2748,seed,3150,1186,3187,1210
I_CLMB-1A-rep1_top_1.png,3840,2748,seed,3023,1150,3074,1188
I_CLMB-1A-rep1_top_1.png,3840,2748,seed,3318,1023,3369,1052
I_CLMB-1A-rep1_top_1.png,3840,2748,seed,3750,849,3796,889
I_CLMB-1A-rep1_top_1.png,3840,2748,seed,3590,892,3627,944
I_CLMB-1A-rep1_top_1.png,3840,2748,seed,3536,932,3577,962
I_CLMB-1A-rep1_top_1.png,3840,2748,seed,3496,883,3537,918
I_CLMB-1A-rep1_top_1.png,3840,2748,seed,2646,1548,2690,1580
I_CLMB-1A-rep1_top_1.png,3840,2748,seed,2618,1566,2661,1609
I_CLMB-1A-rep1_top_1.png,3840,2748,seed,2886,1561,2932,1602
I_CLMB-1A-rep1_top_1.png,3840,2748,seed,2881,1603,2904,1640
I_CLMB-1A-rep1_top_1.png,3840,2748,seed,2751,1658,2787,1698
I_CLMB-1A-rep1_top_1.png,3840,2748,seed,2788,1705,2827,1738
I_CLMB-1A-rep1_top_1.png,3840,2748,seed,2838,1667,2877,1715
I_CLMB-1A-rep1_top_1.png,3840,2748,seed,3050,1433,3083,1486
I_CLMB-1A-rep1_top_1.png,3840,2748,seed,2922,1603,2965,1636
I_CLMB-1A-rep1_top_1.png,3840,2748,seed,3067,1408,3097,1443
I_CLMB-1A-rep1_top_1.png,3840,2748,seed,2950,1559,2995,1582
I_CLMB-1A-rep1_top_1.png,3840,2748,seed,3047,1478,3097,1506
I_CLMB-1A-rep1_top_1.png,3840,2748,seed,3133,1412,3157,1444
I_CLMB-1A-rep1_top_1.png,3840,2748,seed,3160,1395,3199,1424
I_CLMB-1A-rep1_top_1.png,3840,2748,seed,3102,1762,3148,1793
I_CLMB-1A-rep1_top_1.png,3840,2748,seed,3082,1749,3112,1786
I_CLMB-1A-rep1_top_1.png,3840,2748,seed,3047,1772,3074,1808
I_CLMB-1A-rep1_top_1.png,3840,2748,seed,3181,1709,3225,1739
I_CLMB-1A-rep1_top_1.png,3840,2748,seed,3226,1679,3281,1720
I_CLMB-1A-rep1_top_1.png,3840,2748,seed,3051,1698,3100,1734
I_CLMB-1A-rep1_top_1.png,3840,2748,seed,3021,1664,3065,1688
I_CLMB-1A-rep1_top_1.png,3840,2748,seed,3166,1560,3218,1585
I_CLMB-1A-rep1_top_1.png,3840,2748,seed,3128,1554,3160,1586
I_CLMB-1A-rep1_top_1.png,3840,2748,seed,3174,1533,3211,1560
I_CLMB-1A-rep1_top_1.png,3840,2748,seed,2784,1414,2829,1453
I_CLMB-1A-rep1_top_1.png,3840,2748,seed,2819,1208,2850,1257
I_CLMB-1A-rep1_top_1.png,3840,2748,seed,3174,1349,3216,1381
I_CLMB-1A-rep1_top_1.png,3840,2748,seed,2908,1342,2954,1380
I_CLMB-1A-rep1_top_1.png,3840,2748,seed,3071,1357,3122,1393
I_CLMB-1A-rep1_top_1.png,3840,2748,seed,3207,1261,3258,1307
I_CLMB-1A-rep1_top_1.png,3840,2748,seed,3152,1229,3204,1265
I_CLMB-1A-rep1_top_1.png,3840,2748,seed,3272,1310,3314,1342
I_CLMB-1A-rep1_top_1.png,3840,2748,seed,3268,1224,3317,1257
I_CLMB-1A-rep1_top_1.png,3840,2748,seed,3350,1219,3394,1257
I_CLMB-1A-rep1_top_1.png,3840,2748,seed,2922,1106,2955,1157
I_CLMB-1A-rep1_top_1.png,3840,2748,seed,3098,1061,3135,1106
I_CLMB-1A-rep1_top_1.png,3840,2748,seed,3393,1036,3425,1073
I_CLMB-1A-rep1_top_1.png,3840,2748,seed,3418,993,3482,1023
I_CLMB-1A-rep1_top_1.png,3840,2748,seed,3585,969,3610,1026
I_CLMB-1A-rep1_top_1.png,3840,2748,seed,3538,992,3578,1023
I_CLMB-1A-rep1_top_1.png,3840,2748,seed,3471,1085,3525,1111
I_CLMB-1A-rep1_top_1.png,3840,2748,seed,3382,1147,3438,1180
I_CLMB-1A-rep1_top_1.png,3840,2748,seed,3382,1121,3442,1151
I_CLMB-1A-rep1_top_1.png,3840,2748,seed,3346,1058,3395,1086
I_CLMB-1A-rep1_top_1.png,3840,2748,seed,3427,1020,3479,1062
I_CLMB-1A-rep1_top_1.png,3840,2748,seed,3370,929,3405,979
I_CLMB-1A-rep1_top_1.png,3840,2748,seed,3672,978,3729,1008
I_CLMB-1A-rep1_top_1.png,3840,2748,seed,2896,887,2971,915
I_CLMB-1A-rep1_top_1.png,3840,2748,seed,2877,916,2941,952
I_CLMB-1A-rep1_top_1.png,3840,2748,seed,2998,879,3035,918
I_CLMB-1A-rep1_top_1.png,3840,2748,seed,2994,920,3044,940
I_CLMB-1A-rep1_top_1.png,3840,2748,seed,3038,855,3075,904
I_CLMB-1A-rep1_top_1.png,3840,2748,seed,2951,749,3007,778
I_CLMB-1A-rep1_top_1.png,3840,2748,seed,3150,699,3206,737
I_CLMB-1A-rep1_top_1.png,3840,2748,seed,3078,733,3123,766
I_CLMB-1A-rep1_top_1.png,3840,2748,seed,3058,700,3094,748
I_CLMB-1A-rep1_top_1.png,3840,2748,seed,3222,575,3283,605
I_CLMB-1A-rep1_top_1.png,3840,2748,seed,2823,602,2858,642
I_CLMB-1A-rep1_top_1.png,3840,2748,seed,2591,780,2621,825
I_CLMB-1A-rep1_top_1.png,3840,2748,seed,2678,776,2709,824
I_CLMB-1A-rep1_top_1.png,3840,2748,seed,2533,791,2590,845
I_CLMB-1A-rep1_top_1.png,3840,2748,seed,2390,858,2423,914
I_CLMB-1A-rep1_top_1.png,3840,2748,seed,2421,788,2450,849
I_CLMB-1A-rep1_top_1.png,3840,2748,seed,2381,737,2424,802
I_CLMB-1A-rep1_top_1.png,3840,2748,seed,2550,514,2578,556
I_CLMB-1A-rep1_top_1.png,3840,2748,seed,2500,527,2527,588
I_CLMB-1A-rep1_top_1.png,3840,2748,seed,2451,566,2496,597
I_CLMB-1A-rep1_top_1.png,3840,2748,seed,2464,518,2493,557
I_CLMB-1A-rep1_top_1.png,3840,2748,seed,2397,518,2445,550
I_CLMB-1A-rep1_top_1.png,3840,2748,seed,2397,484,2444,507
I_CLMB-1A-rep1_top_1.png,3840,2748,seed,2392,447,2438,487
I_CLMB-1A-rep1_top_1.png,3840,2748,seed,2452,392,2488,438
I_CLMB-1A-rep1_top_1.png,3840,2748,seed,2665,274,2703,313
I_CLMB-1A-rep1_top_1.png,3840,2748,seed,2670,230,2716,277
I_CLMB-1A-rep1_top_1.png,3840,2748,seed,2354,873,2384,936
I_CLMB-1A-rep1_top_1.png,3840,2748,seed,2262,1336,2305,1372
I_CLMB-1A-rep1_top_1.png,3840,2748,seed,2241,1283,2284,1318
I_CLMB-1A-rep1_top_1.png,3840,2748,seed,2237,1247,2289,1296
I_CLMB-1A-rep1_top_1.png,3840,2748,seed,2167,980,2210,1047
I_CLMB-1A-rep1_top_1.png,3840,2748,seed,2134,1503,2175,1556
I_CLMB-1A-rep1_top_1.png,3840,2748,seed,2142,1430,2176,1472
I_CLMB-1A-rep1_top_1.png,3840,2748,seed,2083,1534,2116,1568
I_CLMB-1A-rep1_top_1.png,3840,2748,seed,1826,1640,1878,1681
I_CLMB-1A-rep1_top_1.png,3840,2748,seed,1825,1488,1853,1546
I_CLMB-1A-rep1_top_1.png,3840,2748,seed,1981,1449,2009,1490
I_CLMB-1A-rep1_top_1.png,3840,2748,seed,2034,1302,2079,1333
I_CLMB-1A-rep1_top_1.png,3840,2748,seed,2118,1339,2165,1375
I_CLMB-1A-rep1_top_1.png,3840,2748,seed,2010,1336,2055,1370
I_CLMB-1A-rep1_top_1.png,3840,2748,seed,1902,1394,1944,1430
I_CLMB-1A-rep1_top_1.png,3840,2748,seed,2038,1239,2070,1291
I_CLMB-1A-rep1_top_1.png,3840,2748,seed,2009,1223,2035,1265
I_CLMB-1A-rep1_top_1.png,3840,2748,seed,1961,1210,2000,1241
I_CLMB-1A-rep1_top_1.png,3840,2748,seed,1997,1098,2033,1127
I_CLMB-1A-rep1_top_1.png,3840,2748,seed,1967,1112,2001,1152
I_CLMB-1A-rep1_top_1.png,3840,2748,seed,2018,1135,2040,1173
I_CLMB-1A-rep1_top_1.png,3840,2748,seed,1986,1051,2026,1099
I_CLMB-1A-rep1_top_1.png,3840,2748,seed,1947,999,1999,1046
test_3.png,3840,2748,seed,2282,410,2316,478
test_3.png,3840,2748,seed,1201,82,1229,149
test_3.png,3840,2748,seed,589,221,647,302
test_3.png,3840,2748,seed,543,24,605,77
test_3.png,3840,2748,seed,422,8,482,47
test_3.png,3840,2748,seed,935,725,978,773
test_3.png,3840,2748,seed,1372,1325,1428,1398
test_3.png,3840,2748,seed,1329,1010,1376,1059
test_3.png,3840,2748,seed,1279,774,1326,840
test_3.png,3840,2748,seed,1273,686,1314,748
test_3.png,3840,2748,seed,945,504,1002,554
test_3.png,3840,2748,seed,1043,446,1086,497
test_3.png,3840,2748,seed,1008,436,1044,495
test_3.png,3840,2748,seed,1010,402,1057,445
test_3.png,3840,2748,seed,845,67,877,124
test_3.png,3840,2748,seed,818,46,861,89
test_3.png,3840,2748,seed,696,211,725,269
test_3.png,3840,2748,seed,471,56,533,80
test_3.png,3840,2748,seed,495,81,556,116
test_3.png,3840,2748,seed,531,159,587,209
test_3.png,3840,2748,seed,779,566,818,617
test_3.png,3840,2748,seed,742,483,799,543
test_3.png,3840,2748,seed,746,419,788,471
test_3.png,3840,2748,seed,716,340,767,397
test_3.png,3840,2748,seed,631,454,689,499
test_3.png,3840,2748,seed,608,375,654,426
test_3.png,3840,2748,seed,583,285,616,351
test_3.png,3840,2748,seed,547,255,591,321
test_3.png,3840,2748,seed,859,153,916,207
test_3.png,3840,2748,seed,899,327,936,383
test_3.png,3840,2748,seed,846,253,899,307
test_3.png,3840,2748,seed,826,186,880,245
test_3.png,3840,2748,seed,1338,322,1364,385
test_3.png,3840,2748,seed,1303,317,1336,374
test_3.png,3840,2748,seed,963,299,1021,381
test_3.png,3840,2748,seed,1120,593,1163,663
test_3.png,3840,2748,seed,1201,922,1243,983
test_3.png,3840,2748,seed,1204,1014,1245,1080
test_3.png,3840,2748,seed,1288,958,1333,1028
test_3.png,3840,2748,seed,1248,869,1296,927
test_3.png,3840,2748,seed,1195,745,1239,794
test_3.png,3840,2748,seed,1645,1193,1669,1247
test_3.png,3840,2748,seed,1633,989,1665,1053
test_3.png,3840,2748,seed,1331,190,1376,242
test_3.png,3840,2748,seed,1301,114,1358,175
test_3.png,3840,2748,seed,1310,23,1348,72
test_3.png,3840,2748,seed,1893,58,1935,122
test_3.png,3840,2748,seed,1882,142,1914,189
test_3.png,3840,2748,seed,1783,171,1840,226
test_3.png,3840,2748,seed,1886,319,1929,399
test_3.png,3840,2748,seed,1866,231,1899,297
test_3.png,3840,2748,seed,1821,352,1859,403
test_3.png,3840,2748,seed,1786,332,1816,386
test_3.png,3840,2748,seed,1823,93,1854,141
test_3.png,3840,2748,seed,1931,26,1978,85
test_3.png,3840,2748,seed,1943,-6,1990,40
test_3.png,3840,2748,seed,1019,139,1067,193
test_3.png,3840,2748,seed,1091,231,1146,279
test_3.png,3840,2748,seed,1185,324,1250,359
test_3.png,3840,2748,seed,1479,435,1511,499
test_3.png,3840,2748,seed,1454,391,1481,448
test_3.png,3840,2748,seed,1456,289,1488,345
test_3.png,3840,2748,seed,1711,218,1746,281
test_3.png,3840,2748,seed,1700,171,1727,227
test_3.png,3840,2748,seed,1750,569,1777,632
test_3.png,3840,2748,seed,1743,1150,1772,1218
test_3.png,3840,2748,seed,1746,910,1771,973
test_3.png,3840,2748,seed,1693,1031,1730,1106
test_3.png,3840,2748,seed,1681,1146,1734,1194
test_3.png,3840,2748,seed,1637,854,1670,908
test_3.png,3840,2748,seed,1634,774,1678,838
test_3.png,3840,2748,seed,1744,799,1787,868
test_3.png,3840,2748,seed,2169,720,2200,782
test_3.png,3840,2748,seed,968,1236,1009,1299
test_3.png,3840,2748,seed,987,1707,1044,1766
test_3.png,3840,2748,seed,715,778,764,831
test_3.png,3840,2748,seed,751,923,803,955
test_3.png,3840,2748,seed,848,959,896,1016
test_3.png,3840,2748,seed,815,888,855,943
test_3.png,3840,2748,seed,682,869,747,914
test_3.png,3840,2748,seed,685,833,734,879
test_3.png,3840,2748,seed,630,735,673,792
test_3.png,3840,2748,seed,717,720,747,769
test_3.png,3840,2748,seed,680,683,718,735
test_3.png,3840,2748,seed,559,704,597,754
test_3.png,3840,2748,seed,510,664,561,720
test_3.png,3840,2748,seed,918,1188,970,1241
test_3.png,3840,2748,seed,867,1080,917,1134
test_3.png,3840,2748,seed,1077,1265,1137,1309
test_3.png,3840,2748,seed,1050,1187,1119,1245
test_3.png,3840,2748,seed,1415,1291,1430,1349
test_3.png,3840,2748,seed,1439,1587,1492,1654
test_3.png,3840,2748,seed,1413,1486,1467,1551
test_3.png,3840,2748,seed,1389,1410,1445,1471
test_3.png,3840,2748,seed,1500,1405,1550,1472
test_3.png,3840,2748,seed,609,1156,660,1213
test_3.png,3840,2748,seed,590,1098,639,1150
test_3.png,3840,2748,seed,560,1014,608,1074
test_3.png,3840,2748,seed,658,1292,707,1356
test_3.png,3840,2748,seed,765,1487,832,1548
test_3.png,3840,2748,seed,1045,1787,1123,1836
test_3.png,3840,2748,seed,1409,1918,1442,1983
test_3.png,3840,2748,seed,1319,1813,1374,1861
test_3.png,3840,2748,seed,1270,1743,1340,1801
test_3.png,3840,2748,seed,1732,1339,1774,1402
test_3.png,3840,2748,seed,1663,1470,1711,1534
test_3.png,3840,2748,seed,1661,1566,1699,1633
test_3.png,3840,2748,seed,1725,1720,1778,1784
test_3.png,3840,2748,seed,1922,843,1946,894
test_3.png,3840,2748,seed,1921,726,1952,776
test_3.png,3840,2748,seed,1973,373,2018,422
test_3.png,3840,2748,seed,2008,313,2038,384
test_3.png,3840,2748,seed,2060,179,2081,234
test_3.png,3840,2748,seed,2037,217,2073,278
test_3.png,3840,2748,seed,2225,352,2259,406
test_3.png,3840,2748,seed,1954,532,1979,589
test_3.png,3840,2748,seed,1958,417,1981,482
test_3.png,3840,2748,seed,1967,325,1992,385
test_3.png,3840,2748,seed,2036,464,2062,514
test_3.png,3840,2748,seed,2055,411,2076,467
test_3.png,3840,2748,seed,2220,302,2254,380
test_3.png,3840,2748,seed,2250,302,2279,357
test_3.png,3840,2748,seed,2244,154,2278,216
test_3.png,3840,2748,seed,2239,105,2272,153
test_3.png,3840,2748,seed,2191,495,2235,567
test_3.png,3840,2748,seed,2225,2265,2262,2307
test_3.png,3840,2748,seed,2132,2370,2161,2429
test_3.png,3840,2748,seed,1974,993,2028,1063
test_3.png,3840,2748,seed,2043,923,2081,969
test_3.png,3840,2748,seed,2047,687,2088,744
test_3.png,3840,2748,seed,2078,612,2120,683
test_3.png,3840,2748,seed,2011,587,2050,653
test_3.png,3840,2748,seed,2440,1014,2490,1062
test_3.png,3840,2748,seed,2577,1139,2617,1201
test_3.png,3840,2748,seed,2087,1331,2161,1396
test_3.png,3840,2748,seed,2613,1031,2654,1089
test_3.png,3840,2748,seed,2476,921,2524,996
test_3.png,3840,2748,seed,2600,829,2659,888
test_3.png,3840,2748,seed,2685,851,2717,918
test_3.png,3840,2748,seed,2433,1424,2468,1481
test_3.png,3840,2748,seed,2477,1408,2505,1449
test_3.png,3840,2748,seed,2590,1603,2641,1656
test_3.png,3840,2748,seed,2617,1517,2646,1594
test_3.png,3840,2748,seed,2504,1701,2548,1764
test_3.png,3840,2748,seed,2314,2027,2375,2074
test_3.png,3840,2748,seed,2437,1814,2471,1870
test_3.png,3840,2748,seed,2584,1903,2639,1957
test_3.png,3840,2748,seed,2645,1851,2707,1898
test_3.png,3840,2748,seed,2229,1799,2283,1856
test_3.png,3840,2748,seed,2115,2354,2142,2417
test_3.png,3840,2748,seed,2152,2310,2181,2363
test_3.png,3840,2748,seed,2361,2138,2404,2209
test_3.png,3840,2748,seed,1866,2605,1909,2661
test_3.png,3840,2748,seed,1872,2517,1916,2587
test_3.png,3840,2748,seed,1934,1953,1982,2030
test_3.png,3840,2748,seed,2125,2462,2176,2524
test_3.png,3840,2748,seed,2187,2425,2236,2482
I_CLMB-1A-rep1_bot_1.png,3840,2748,seed,1974,1632,2005,1663
I_CLMB-1A-rep1_bot_1.png,3840,2748,seed,2202,2445,2221,2467
I_CLMB-1A-rep1_bot_1.png,3840,2748,seed,2177,2252,2209,2267
I_CLMB-1A-rep1_bot_1.png,3840,2748,seed,1974,2004,2002,2042
I_CLMB-1A-rep1_bot_1.png,3840,2748,seed,2054,2072,2087,2120
I_CLMB-1A-rep1_bot_1.png,3840,2748,seed,490,1846,529,1889
I_CLMB-1A-rep1_bot_1.png,3840,2748,seed,2010,2190,2041,2230
I_CLMB-1A-rep1_bot_1.png,3840,2748,seed,2234,2304,2245,2337
I_CLMB-1A-rep1_bot_1.png,3840,2748,seed,2223,2255,2244,2290
I_CLMB-1A-rep1_bot_1.png,3840,2748,seed,2045,2327,2073,2374
I_CLMB-1A-rep1_bot_1.png,3840,2748,seed,1668,2342,1702,2376
I_CLMB-1A-rep1_bot_1.png,3840,2748,seed,1138,2358,1169,2392
I_CLMB-1A-rep1_bot_1.png,3840,2748,seed,1196,2301,1231,2346
I_CLMB-1A-rep1_bot_1.png,3840,2748,seed,1168,2411,1207,2443
I_CLMB-1A-rep1_bot_1.png,3840,2748,seed,1233,2444,1260,2476
I_CLMB-1A-rep1_bot_1.png,3840,2748,seed,1214,2476,1253,2504
I_CLMB-1A-rep1_bot_1.png,3840,2748,seed,1042,2353,1066,2394
I_CLMB-1A-rep1_bot_1.png,3840,2748,seed,953,2151,986,2182
I_CLMB-1A-rep1_bot_1.png,3840,2748,seed,437,1932,469,1975
I_CLMB-1A-rep1_bot_1.png,3840,2748,seed,403,1924,438,1955
I_CLMB-1A-rep1_bot_1.png,3840,2748,seed,503,1950,538,1979
I_CLMB-1A-rep1_bot_1.png,3840,2748,seed,552,2020,613,2055
I_CLMB-1A-rep1_bot_1.png,3840,2748,seed,349,1783,365,1839
I_CLMB-1A-rep1_bot_1.png,3840,2748,seed,326,1773,350,1826
I_CLMB-1A-rep1_bot_1.png,3840,2748,seed,389,1845,444,1885
I_CLMB-1A-rep1_bot_1.png,3840,2748,seed,431,1898,484,1929
I_CLMB-1A-rep1_bot_1.png,3840,2748,seed,97,1937,137,1983
I_CLMB-1A-rep1_bot_1.png,3840,2748,seed,237,1857,284,1899
I_CLMB-1A-rep1_bot_1.png,3840,2748,seed,765,2000,815,2040
I_CLMB-1A-rep1_bot_1.png,3840,2748,seed,675,2172,734,2202
I_CLMB-1A-rep1_bot_1.png,3840,2748,seed,686,2073,726,2118
I_CLMB-1A-rep1_bot_1.png,3840,2748,seed,961,2067,988,2093
I_CLMB-1A-rep1_bot_1.png,3840,2748,seed,859,2053,898,2103
I_CLMB-1A-rep1_bot_1.png,3840,2748,seed,922,1991,971,2025
I_CLMB-1A-rep1_bot_1.png,3840,2748,seed,1282,2538,1316,2588
I_CLMB-1A-rep1_bot_1.png,3840,2748,seed,947,2283,974,2328
I_CLMB-1A-rep1_bot_1.png,3840,2748,seed,862,2257,928,2284
I_CLMB-1A-rep1_bot_1.png,3840,2748,seed,800,2252,848,2288
I_CLMB-1A-rep1_bot_1.png,3840,2748,seed,818,2187,859,2239
I_CLMB-1A-rep1_bot_1.png,3840,2748,seed,880,2192,905,2235
I_CLMB-1A-rep1_bot_1.png,3840,2748,seed,1087,2246,1125,2290
I_CLMB-1A-rep1_bot_1.png,3840,2748,seed,1125,2260,1150,2296
I_CLMB-1A-rep1_bot_1.png,3840,2748,seed,1197,2242,1230,2277
I_CLMB-1A-rep1_bot_1.png,3840,2748,seed,1195,2203,1213,2247
I_CLMB-1A-rep1_bot_1.png,3840,2748,seed,1049,2304,1080,2352
I_CLMB-1A-rep1_bot_1.png,3840,2748,seed,1026,2496,1078,2517
I_CLMB-1A-rep1_bot_1.png,3840,2748,seed,1057,2470,1105,2503
I_CLMB-1A-rep1_bot_1.png,3840,2748,seed,1223,2538,1264,2579
I_CLMB-1A-rep1_bot_1.png,3840,2748,seed,1404,2510,1436,2552
I_CLMB-1A-rep1_bot_1.png,3840,2748,seed,2221,2352,2244,2388
I_CLMB-1A-rep1_bot_1.png,3840,2748,seed,2173,2173,2201,2213
I_CLMB-1A-rep1_bot_1.png,3840,2748,seed,2239,1944,2263,1978
I_CLMB-1A-rep1_bot_1.png,3840,2748,seed,2269,1926,2293,1970
I_CLMB-1A-rep1_bot_1.png,3840,2748,seed,2337,2142,2367,2173
I_CLMB-1A-rep1_bot_1.png,3840,2748,seed,2414,2169,2429,2193
I_CLMB-1A-rep1_bot_1.png,3840,2748,seed,2363,2094,2386,2132
I_CLMB-1A-rep1_bot_1.png,3840,2748,seed,2306,2096,2341,2132
I_CLMB-1A-rep1_bot_1.png,3840,2748,seed,2228,2087,2271,2116
I_CLMB-1A-rep1_bot_1.png,3840,2748,seed,2309,2424,2334,2458
I_CLMB-1A-rep1_bot_1.png,3840,2748,seed,2206,2716,2237,2748
I_CLMB-1A-rep1_bot_1.png,3840,2748,seed,2113,2712,2144,2748
I_CLMB-1A-rep1_bot_1.png,3840,2748,seed,2103,2640,2137,2676
I_CLMB-1A-rep1_bot_1.png,3840,2748,seed,2106,2605,2130,2643
I_CLMB-1A-rep1_bot_1.png,3840,2748,seed,2038,2254,2061,2289
I_CLMB-1A-rep1_bot_1.png,3840,2748,seed,2015,2235,2039,2258
I_CLMB-1A-rep1_bot_1.png,3840,2748,seed,1509,2023,1545,2066
I_CLMB-1A-rep1_bot_1.png,3840,2748,seed,1781,2526,1803,2563
I_CLMB-1A-rep1_bot_1.png,3840,2748,seed,1719,2475,1742,2531
I_CLMB-1A-rep1_bot_1.png,3840,2748,seed,1692,2464,1726,2492
I_CLMB-1A-rep1_bot_1.png,3840,2748,seed,1551,2211,1581,2272
I_CLMB-1A-rep1_bot_1.png,3840,2748,seed,1572,2217,1604,2253
I_CLMB-1A-rep1_bot_1.png,3840,2748,seed,1600,2246,1628,2294
I_CLMB-1A-rep1_bot_1.png,3840,2748,seed,1683,2293,1714,2338
I_CLMB-1A-rep1_bot_1.png,3840,2748,seed,1628,2472,1651,2534
I_CLMB-1A-rep1_bot_1.png,3840,2748,seed,1806,2595,1830,2645
I_CLMB-1A-rep1_bot_1.png,3840,2748,seed,1867,2586,1888,2613
I_CLMB-1A-rep1_bot_1.png,3840,2748,seed,2091,2510,2126,2536
I_CLMB-1A-rep1_bot_1.png,3840,2748,seed,2357,2232,2386,2269
I_CLMB-1A-rep1_bot_1.png,3840,2748,seed,2303,2340,2328,2379
I_CLMB-1A-rep1_bot_1.png,3840,2748,seed,2315,2158,2339,2197
I_CLMB-1A-rep1_bot_1.png,3840,2748,seed,2287,2113,2310,2155
I_CLMB-1A-rep1_bot_1.png,3840,2748,seed,2180,1908,2217,1950
I_CLMB-1A-rep1_bot_1.png,3840,2748,seed,2164,1881,2194,1919
I_CLMB-1A-rep1_bot_1.png,3840,2748,seed,1984,1779,2017,1825
I_CLMB-1A-rep1_bot_1.png,3840,2748,seed,1898,2114,1924,2164
I_CLMB-1A-rep1_bot_1.png,3840,2748,seed,1846,2360,1880,2389
I_CLMB-1A-rep1_bot_1.png,3840,2748,seed,1978,2271,2002,2319
I_CLMB-1A-rep1_bot_1.png,3840,2748,seed,1862,2233,1892,2280
I_CLMB-1A-rep1_bot_1.png,3840,2748,seed,1910,2170,1943,2222
I_CLMB-1A-rep1_bot_1.png,3840,2748,seed,1947,2172,1978,2215
I_CLMB-1A-rep1_bot_1.png,3840,2748,seed,1808,2080,1848,2106
I_CLMB-1A-rep1_bot_1.png,3840,2748,seed,1866,2079,1900,2107
I_CLMB-1A-rep1_bot_1.png,3840,2748,seed,1975,1919,1996,1964
I_CLMB-1A-rep1_bot_1.png,3840,2748,seed,1950,1952,1972,1998
I_CLMB-1A-rep1_bot_1.png,3840,2748,seed,2031,2102,2049,2134
I_CLMB-1A-rep1_bot_1.png,3840,2748,seed,2214,2003,2241,2047
I_CLMB-1A-rep1_bot_1.png,3840,2748,seed,2160,1977,2187,2015
I_CLMB-1A-rep1_bot_1.png,3840,2748,seed,2240,1631,2268,1665
I_CLMB-1A-rep1_bot_1.png,3840,2748,seed,2228,1671,2262,1710
I_CLMB-1A-rep1_bot_1.png,3840,2748,seed,2251,1855,2278,1903
I_CLMB-1A-rep1_bot_1.png,3840,2748,seed,2106,1835,2146,1868
I_CLMB-1A-rep1_bot_1.png,3840,2748,seed,2170,1792,2196,1833
I_CLMB-1A-rep1_bot_1.png,3840,2748,seed,2125,1717,2155,1756
I_CLMB-1A-rep1_bot_1.png,3840,2748,seed,2267,1773,2293,1809
I_CLMB-1A-rep1_bot_1.png,3840,2748,seed,2204,1645,2232,1685
I_CLMB-1A-rep1_bot_1.png,3840,2748,seed,2215,1595,2241,1629
I_CLMB-1A-rep1_bot_1.png,3840,2748,seed,2119,1625,2147,1666
I_CLMB-1A-rep1_bot_1.png,3840,2748,seed,2291,1523,2334,1577
I_CLMB-1A-rep1_bot_1.png,3840,2748,seed,2007,1614,2028,1666
I_CLMB-1A-rep1_bot_1.png,3840,2748,seed,1874,1835,1907,1873
I_CLMB-1A-rep1_bot_1.png,3840,2748,seed,1939,1809,1970,1833
I_CLMB-1A-rep1_bot_1.png,3840,2748,seed,1925,1757,1960,1784
I_CLMB-1A-rep1_bot_1.png,3840,2748,seed,1863,1746,1900,1781
I_CLMB-1A-rep1_bot_1.png,3840,2748,seed,1914,1698,1943,1747
I_CLMB-1A-rep1_bot_1.png,3840,2748,seed,1962,1508,1982,1549
I_CLMB-1A-rep1_bot_1.png,3840,2748,seed,1974,1545,2003,1581
I_CLMB-1A-rep1_bot_1.png,3840,2748,seed,2500,2092,2545,2119
I_CLMB-1A-rep1_bot_1.png,3840,2748,seed,2450,1857,2478,1894
I_CLMB-1A-rep1_bot_1.png,3840,2748,seed,2465,1836,2487,1884
I_CLMB-1A-rep1_bot_1.png,3840,2748,seed,2407,1813,2429,1846
I_CLMB-1A-rep1_bot_1.png,3840,2748,seed,2036,1510,2064,1545
I_CLMB-1A-rep1_bot_1.png,3840,2748,seed,2038,1532,2068,1566
I_CLMB-1A-rep1_bot_1.png,3840,2748,seed,2045,1637,2074,1688
I_CLMB-1A-rep1_bot_1.png,3840,2748,seed,2016,1478,2039,1511
I_CLMB-1A-rep1_bot_1.png,3840,2748,seed,2117,1420,2147,1445
I_CLMB-1A-rep1_bot_1.png,3840,2748,seed,2110,1385,2136,1422
I_CLMB-1A-rep1_bot_1.png,3840,2748,seed,2104,1339,2138,1381
I_CLMB-1A-rep1_bot_1.png,3840,2748,seed,2189,1406,2220,1447
I_CLMB-1A-rep1_bot_1.png,3840,2748,seed,2223,1410,2252,1434
I_CLMB-1A-rep1_bot_1.png,3840,2748,seed,2292,1369,2314,1399
I_CLMB-1A-rep1_bot_1.png,3840,2748,seed,2134,1483,2168,1509
I_CLMB-1A-rep1_bot_1.png,3840,2748,seed,2167,1450,2199,1478
I_CLMB-1A-rep1_bot_1.png,3840,2748,seed,2207,1459,2232,1511
I_CLMB-1A-rep1_bot_1.png,3840,2748,seed,1953,1380,1979,1414
I_CLMB-1A-rep1_bot_1.png,3840,2748,seed,2002,1388,2043,1407
I_CLMB-1A-rep1_bot_1.png,3840,2748,seed,1920,1431,1952,1466
I_CLMB-1A-rep1_bot_1.png,3840,2748,seed,1966,1414,1992,1458
I_CLMB-1A-rep1_bot_1.png,3840,2748,seed,2206,1374,2239,1420
I_CLMB-1A-rep1_bot_1.png,3840,2748,seed,2089,1353,2106,1386
I_CLMB-1A-rep1_bot_1.png,3840,2748,seed,2195,1289,2213,1312
I_CLMB-1A-rep1_bot_1.png,3840,2748,seed,2196,1332,2223,1376
I_CLMB-1A-rep1_bot_1.png,3840,2748,seed,2032,1177,2055,1209
I_CLMB-1A-rep1_bot_1.png,3840,2748,seed,1936,1322,1963,1360
I_CLMB-1A-rep1_bot_1.png,3840,2748,seed,1884,1308,1899,1350
I_CLMB-1A-rep1_bot_1.png,3840,2748,seed,2271,1338,2297,1376
I_CLMB-1A-rep1_bot_1.png,3840,2748,seed,2247,1249,2279,1281
I_CLMB-1A-rep1_bot_1.png,3840,2748,seed,2095,1067,2121,1110
I_CLMB-1A-rep1_bot_1.png,3840,2748,seed,2206,1153,2233,1187
I_CLMB-1A-rep1_bot_1.png,3840,2748,seed,2173,1236,2209,1278
I_CLMB-1A-rep1_bot_1.png,3840,2748,seed,2272,1201,2306,1249
I_CLMB-1A-rep1_bot_1.png,3840,2748,seed,2479,1621,2513,1645
I_CLMB-1A-rep1_bot_1.png,3840,2748,seed,2441,1590,2473,1624
I_CLMB-1A-rep1_bot_1.png,3840,2748,seed,2429,1523,2460,1568
I_CLMB-1A-rep1_bot_1.png,3840,2748,seed,2430,1411,2474,1441
I_CLMB-1A-rep1_bot_1.png,3840,2748,seed,2569,1445,2604,1481
I_CLMB-1A-rep1_bot_1.png,3840,2748,seed,2436,1329,2477,1372
I_CLMB-1A-rep1_bot_1.png,3840,2748,seed,2436,1263,2464,1308
I_CLMB-1A-rep1_bot_1.png,3840,2748,seed,2468,1234,2492,1277
I_CLMB-1A-rep1_bot_1.png,3840,2748,seed,2454,1141,2488,1180
I_CLMB-1A-rep1_bot_1.png,3840,2748,seed,2311,1223,2334,1261
I_CLMB-1A-rep1_bot_1.png,3840,2748,seed,2026,919,2052,965
I_CLMB-1A-rep1_bot_1.png,3840,2748,seed,2048,981,2082,1019
I_CLMB-1A-rep1_bot_1.png,3840,2748,seed,2188,1089,2225,1120
I_CLMB-1A-rep1_bot_1.png,3840,2748,seed,2123,1148,2155,1176
I_CLMB-1A-rep1_bot_1.png,3840,2748,seed,2114,1041,2153,1070
I_CLMB-1A-rep1_bot_1.png,3840,2748,seed,1965,1056,2002,1077
I_CLMB-1A-rep1_bot_1.png,3840,2748,seed,2006,1168,2033,1193
I_CLMB-1A-rep1_bot_1.png,3840,2748,seed,1979,1030,2007,1052
I_CLMB-1A-rep1_bot_1.png,3840,2748,seed,1951,995,1978,1031
I_CLMB-1A-rep1_bot_1.png,3840,2748,seed,1889,1017,1935,1047
I_CLMB-1A-rep1_bot_1.png,3840,2748,seed,1915,910,1945,944
I_CLMB-1A-rep1_bot_1.png,3840,2748,seed,1978,896,2005,919
I_CLMB-1A-rep1_bot_1.png,3840,2748,seed,2474,1086,2522,1120
I_CLMB-1A-rep1_bot_1.png,3840,2748,seed,2387,1081,2412,1124
I_CLMB-1A-rep1_bot_1.png,3840,2748,seed,2337,1027,2367,1071
I_CLMB-1A-rep1_bot_1.png,3840,2748,seed,2506,1003,2543,1041
I_CLMB-1A-rep1_bot_1.png,3840,2748,seed,2516,900,2547,945
I_CLMB-1A-rep1_bot_1.png,3840,2748,seed,2558,877,2596,902
I_CLMB-1A-rep1_bot_1.png,3840,2748,seed,2282,927,2307,976
I_CLMB-1A-rep1_bot_1.png,3840,2748,seed,2230,907,2266,938
I_CLMB-1A-rep1_bot_1.png,3840,2748,seed,2057,862,2091,894
I_CLMB-1A-rep1_bot_1.png,3840,2748,seed,1964,773,1999,819
I_CLMB-1A-rep1_bot_1.png,3840,2748,seed,2016,752,2058,781
I_CLMB-1A-rep1_bot_1.png,3840,2748,seed,1918,701,1975,735
I_CLMB-1A-rep1_bot_1.png,3840,2748,seed,1893,622,1924,663
I_CLMB-1A-rep1_bot_1.png,3840,2748,seed,1895,558,1924,602
I_CLMB-1A-rep1_bot_1.png,3840,2748,seed,1978,66,2003,111
I_CLMB-1A-rep1_bot_1.png,3840,2748,seed,1949,324,1981,360
I_CLMB-1A-rep1_bot_1.png,3840,2748,seed,1940,261,1973,306
I_CLMB-1A-rep1_bot_1.png,3840,2748,seed,1918,221,1958,263
I_CLMB-1A-rep1_bot_1.png,3840,2748,seed,1961,223,1991,253
I_CLMB-1A-rep1_bot_1.png,3840,2748,seed,1732,267,1785,320
I_CLMB-1A-rep1_bot_1.png,3840,2748,seed,1829,134,1865,179
I_CLMB-1A-rep1_bot_1.png,3840,2748,seed,1922,28,1970,58
test_2.png,3840,2748,seed,1202,187,1260,222
test_2.png,3840,2748,seed,1207,211,1264,253
test_2.png,3840,2748,seed,1640,258,1687,300
test_2.png,3840,2748,seed,2020,172,2046,219
test_2.png,3840,2748,seed,2150,26,2177,72
test_2.png,3840,2748,seed,2305,236,2333,287
test_2.png,3840,2748,seed,2296,76,2326,130
test_2.png,3840,2748,seed,2338,347,2367,401
test_2.png,3840,2748,seed,2434,329,2458,385
test_2.png,3840,2748,seed,2428,263,2445,310
test_2.png,3840,2748,seed,2417,205,2442,256
test_2.png,3840,2748,seed,2650,312,2670,362
test_2.png,3840,2748,seed,2652,762,2670,801
test_2.png,3840,2748,seed,2654,643,2674,682
test_2.png,3840,2748,seed,2645,670,2664,729
test_2.png,3840,2748,seed,2390,2504,2421,2560
test_2.png,3840,2748,seed,1446,1532,1508,1581
test_2.png,3840,2748,seed,1544,1612,1582,1662
test_2.png,3840,2748,seed,1289,184,1318,244
test_2.png,3840,2748,seed,1256,157,1298,216
test_2.png,3840,2748,seed,1657,750,1686,803
test_2.png,3840,2748,seed,1694,865,1732,900
test_2.png,3840,2748,seed,1833,1118,1864,1155
test_2.png,3840,2748,seed,1982,1262,1996,1318
test_2.png,3840,2748,seed,1981,1381,2016,1430
test_2.png,3840,2748,seed,1964,1387,1997,1431
test_2.png,3840,2748,seed,2131,1003,2166,1067
test_2.png,3840,2748,seed,2152,980,2192,1032
test_2.png,3840,2748,seed,2161,881,2188,948
test_2.png,3840,2748,seed,2190,824,2222,886
test_2.png,3840,2748,seed,2194,756,2245,821
test_2.png,3840,2748,seed,2111,721,2160,784
test_2.png,3840,2748,seed,2107,684,2142,746
test_2.png,3840,2748,seed,2087,558,2123,610
test_2.png,3840,2748,seed,1752,935,1793,1000
test_2.png,3840,2748,seed,1697,905,1734,956
test_2.png,3840,2748,seed,1582,429,1635,476
test_2.png,3840,2748,seed,1494,480,1549,523
test_2.png,3840,2748,seed,1537,387,1588,430
test_2.png,3840,2748,seed,1672,551,1726,608
test_2.png,3840,2748,seed,1537,578,1579,624
test_2.png,3840,2748,seed,1485,558,1539,605
test_2.png,3840,2748,seed,1441,416,1478,474
test_2.png,3840,2748,seed,1347,491,1382,537
test_2.png,3840,2748,seed,1303,316,1336,364
test_2.png,3840,2748,seed,1162,138,1215,186
test_2.png,3840,2748,seed,1282,129,1341,180
test_2.png,3840,2748,seed,1286,40,1316,99
test_2.png,3840,2748,seed,1251,5,1290,61
test_2.png,3840,2748,seed,1020,-4,1069,34
test_2.png,3840,2748,seed,1034,44,1100,77
test_2.png,3840,2748,seed,1079,122,1140,174
test_2.png,3840,2748,seed,1244,494,1297,560
test_2.png,3840,2748,seed,1198,460,1244,524
test_2.png,3840,2748,seed,1172,415,1242,471
test_2.png,3840,2748,seed,1866,824,1901,871
test_2.png,3840,2748,seed,1827,754,1871,820
test_2.png,3840,2748,seed,1810,667,1856,725
test_2.png,3840,2748,seed,1858,277,1902,362
test_2.png,3840,2748,seed,1879,379,1914,427
test_2.png,3840,2748,seed,1566,36,1619,100
test_2.png,3840,2748,seed,1694,287,1722,345
test_2.png,3840,2748,seed,1720,308,1735,378
test_2.png,3840,2748,seed,1622,300,1684,350
test_2.png,3840,2748,seed,1602,213,1648,264
test_2.png,3840,2748,seed,1482,276,1550,360
test_2.png,3840,2748,seed,1507,212,1565,256
test_2.png,3840,2748,seed,1453,168,1516,210
test_2.png,3840,2748,seed,1419,125,1465,167
test_2.png,3840,2748,seed,1883,19,1922,68
test_2.png,3840,2748,seed,1876,108,1919,161
test_2.png,3840,2748,seed,1892,178,1940,236
test_2.png,3840,2748,seed,2044,211,2069,275
test_2.png,3840,2748,seed,2148,94,2182,159
test_2.png,3840,2748,seed,2313,140,2350,189
test_2.png,3840,2748,seed,2320,37,2357,91
test_2.png,3840,2748,seed,2329,5,2369,57
test_2.png,3840,2748,seed,2225,320,2264,385
test_2.png,3840,2748,seed,2394,581,2425,637
test_2.png,3840,2748,seed,2390,321,2427,384
test_2.png,3840,2748,seed,2450,227,2485,283
test_2.png,3840,2748,seed,2469,177,2496,250
test_2.png,3840,2748,seed,1138,252,1163,326
test_2.png,3840,2748,seed,1087,218,1135,281
test_2.png,3840,2748,seed,1779,810,1835,854
test_2.png,3840,2748,seed,1619,723,1661,780
test_2.png,3840,2748,seed,1587,568,1628,633
test_2.png,3840,2748,seed,2260,776,2315,845
test_2.png,3840,2748,seed,2478,595,2513,666
test_2.png,3840,2748,seed,2439,963,2474,1046
test_2.png,3840,2748,seed,2482,885,2518,939
test_2.png,3840,2748,seed,2599,691,2629,751
test_2.png,3840,2748,seed,2617,493,2650,555
test_2.png,3840,2748,seed,2545,389,2571,439
test_2.png,3840,2748,seed,2628,235,2660,294
test_2.png,3840,2748,seed,2644,170,2677,223
test_2.png,3840,2748,seed,2636,131,2669,170
test_2.png,3840,2748,seed,1604,1170,1651,1228
test_2.png,3840,2748,seed,1552,1171,1596,1219
test_2.png,3840,2748,seed,1519,1141,1582,1182
test_2.png,3840,2748,seed,1623,1245,1688,1293
test_2.png,3840,2748,seed,1476,1067,1527,1115
test_2.png,3840,2748,seed,1243,817,1304,858
test_2.png,3840,2748,seed,1244,853,1319,883
test_2.png,3840,2748,seed,1365,944,1414,1000
test_2.png,3840,2748,seed,1350,860,1406,902
test_2.png,3840,2748,seed,1369,802,1412,853
test_2.png,3840,2748,seed,1335,755,1388,811
test_2.png,3840,2748,seed,1313,702,1363,746
test_2.png,3840,2748,seed,1293,655,1336,697
test_2.png,3840,2748,seed,1189,710,1236,771
test_2.png,3840,2748,seed,1105,691,1159,728
test_2.png,3840,2748,seed,1044,636,1113,687
test_2.png,3840,2748,seed,1700,996,1740,1053
test_2.png,3840,2748,seed,1897,985,1948,1035
test_2.png,3840,2748,seed,1949,1049,1969,1120
test_2.png,3840,2748,seed,1863,1284,1918,1373
test_2.png,3840,2748,seed,2187,1516,2251,1588
test_2.png,3840,2748,seed,2006,1546,2063,1618
test_2.png,3840,2748,seed,2185,1303,2231,1360
test_2.png,3840,2748,seed,2195,1436,2248,1480
test_2.png,3840,2748,seed,2181,1662,2250,1729
test_2.png,3840,2748,seed,1319,1365,1403,1423
test_2.png,3840,2748,seed,1177,1003,1238,1067
test_2.png,3840,2748,seed,1214,1135,1286,1195
test_2.png,3840,2748,seed,1270,1281,1328,1346
test_2.png,3840,2748,seed,1370,1475,1451,1536
test_2.png,3840,2748,seed,1579,1679,1653,1745
test_2.png,3840,2748,seed,1636,1758,1717,1809
test_2.png,3840,2748,seed,1990,1876,2016,1951
test_2.png,3840,2748,seed,1912,1775,1975,1833
test_2.png,3840,2748,seed,1874,1699,1941,1758
test_2.png,3840,2748,seed,2600,2201,2621,2245
test_2.png,3840,2748,seed,2576,2246,2595,2294
test_2.png,3840,2748,seed,2588,2263,2611,2326
test_2.png,3840,2748,seed,2567,1008,2617,1096
test_2.png,3840,2748,seed,2537,1275,2592,1341
test_2.png,3840,2748,seed,2657,2146,2701,2192
test_2.png,3840,2748,seed,2723,1929,2780,1973
test_2.png,3840,2748,seed,2774,1790,2828,1883
test_2.png,3840,2748,seed,2815,1720,2855,1788
test_2.png,3840,2748,seed,2788,977,2838,1016
test_2.png,3840,2748,seed,2901,801,2950,856
test_2.png,3840,2748,seed,2803,1355,2834,1405
test_2.png,3840,2748,seed,2819,1383,2839,1420
test_2.png,3840,2748,seed,2838,1324,2866,1385
test_2.png,3840,2748,seed,2882,1145,2929,1210
test_2.png,3840,2748,seed,2902,1098,2956,1161
test_2.png,3840,2748,seed,2929,983,2975,1045
test_2.png,3840,2748,seed,2948,879,3006,950
test_2.png,3840,2748,seed,2962,820,3016,900
test_2.png,3840,2748,seed,2371,2424,2425,2483
test_2.png,3840,2748,seed,2920,1512,2999,1581
test_2.png,3840,2748,seed,2942,1430,2996,1506
test_2.png,3840,2748,seed,2871,1605,2914,1674
test_2.png,3840,2748,seed,2652,1720,2708,1774
test_2.png,3840,2748,seed,2442,1880,2487,1949
test_2.png,3840,2748,seed,2570,2343,2643,2428
test_2.png,3840,2748,seed,2635,2291,2711,2377
test_2.png,3840,2748,seed,2784,2015,2836,2094
test_2.png,3840,2748,seed,2932,1796,3011,1856
test_2.png,3840,2748,seed,2998,1725,3073,1802
test_5.png,3840,2748,seed,930,589,954,620
test_5.png,3840,2748,seed,908,229,934,266
test_5.png,3840,2748,seed,1155,200,1180,241
test_5.png,3840,2748,seed,1119,124,1145,161
test_5.png,3840,2748,seed,1473,403,1494,441
test_5.png,3840,2748,seed,1460,530,1480,577
test_5.png,3840,2748,seed,1532,294,1549,338
test_5.png,3840,2748,seed,1650,3,1681,38
test_5.png,3840,2748,seed,1094,369,1126,404
test_5.png,3840,2748,seed,1231,782,1263,841
test_5.png,3840,2748,seed,1295,770,1322,821
test_5.png,3840,2748,seed,1435,1538,1463,1594
test_5.png,3840,2748,seed,1374,3,1393,35
test_5.png,3840,2748,seed,1372,42,1396,84
test_5.png,3840,2748,seed,878,282,915,328
test_5.png,3840,2748,seed,1362,113,1391,152
test_5.png,3840,2748,seed,1664,493,1693,580
test_5.png,3840,2748,seed,1447,856,1475,921
test_5.png,3840,2748,seed,1605,1114,1641,1159
test_5.png,3840,2748,seed,1648,983,1666,1027
test_5.png,3840,2748,seed,1738,1000,1759,1060
test_5.png,3840,2748,seed,1734,474,1753,532
test_5.png,3840,2748,seed,1674,330,1714,373
test_5.png,3840,2748,seed,1740,158,1773,218
test_5.png,3840,2748,seed,1790,533,1821,582
test_5.png,3840,2748,seed,1823,595,1862,638
test_5.png,3840,2748,seed,1798,563,1819,623
test_5.png,3840,2748,seed,1813,539,1843,592
test_5.png,3840,2748,seed,1727,534,1752,585
test_5.png,3840,2748,seed,1779,433,1809,489
test_5.png,3840,2748,seed,1850,474,1874,526
test_5.png,3840,2748,seed,1865,337,1879,395
test_5.png,3840,2748,seed,1877,352,1905,404
test_5.png,3840,2748,seed,1673,382,1691,427
test_5.png,3840,2748,seed,1705,274,1722,329
test_5.png,3840,2748,seed,1679,280,1701,335
test_5.png,3840,2748,seed,1796,232,1825,293
test_5.png,3840,2748,seed,1809,277,1835,325
test_5.png,3840,2748,seed,1837,278,1874,338
test_5.png,3840,2748,seed,1829,221,1850,273
test_5.png,3840,2748,seed,1848,192,1866,231
test_5.png,3840,2748,seed,1754,113,1775,166
test_5.png,3840,2748,seed,1786,141,1814,193
test_5.png,3840,2748,seed,1774,183,1802,242
test_5.png,3840,2748,seed,1819,140,1848,213
test_5.png,3840,2748,seed,1849,127,1867,190
test_5.png,3840,2748,seed,1821,64,1852,131
test_5.png,3840,2748,seed,1812,49,1828,97
test_5.png,3840,2748,seed,1829,13,1848,67
test_5.png,3840,2748,seed,1628,84,1665,152
test_5.png,3840,2748,seed,1630,187,1654,256
test_5.png,3840,2748,seed,1668,85,1705,149
test_5.png,3840,2748,seed,1498,821,1531,865
test_5.png,3840,2748,seed,1544,593,1559,622
test_5.png,3840,2748,seed,1521,437,1558,495
test_5.png,3840,2748,seed,1459,200,1490,264
test_5.png,3840,2748,seed,1385,269,1412,307
test_5.png,3840,2748,seed,1385,301,1411,333
test_5.png,3840,2748,seed,1406,250,1430,289
test_5.png,3840,2748,seed,1398,210,1420,251
test_5.png,3840,2748,seed,1414,328,1433,387
test_5.png,3840,2748,seed,1201,358,1225,402
test_5.png,3840,2748,seed,1223,418,1250,463
test_5.png,3840,2748,seed,1273,383,1302,422
test_5.png,3840,2748,seed,1277,425,1299,468
test_5.png,3840,2748,seed,1182,316,1210,354
test_5.png,3840,2748,seed,1143,16,1164,73
test_5.png,3840,2748,seed,1139,121,1162,152
test_5.png,3840,2748,seed,1098,57,1122,99
test_5.png,3840,2748,seed,1094,24,1122,75
test_5.png,3840,2748,seed,1071,17,1097,77
test_5.png,3840,2748,seed,1013,4,1068,40
test_5.png,3840,2748,seed,894,154,920,194
test_5.png,3840,2748,seed,974,427,997,448
test_5.png,3840,2748,seed,923,366,977,420
test_5.png,3840,2748,seed,875,359,914,406
test_5.png,3840,2748,seed,870,229,890,262
test_5.png,3840,2748,seed,842,211,866,237
test_5.png,3840,2748,seed,806,145,843,184
test_5.png,3840,2748,seed,775,56,808,87
test_5.png,3840,2748,seed,747,30,782,57
test_5.png,3840,2748,seed,909,68,939,117
test_5.png,3840,2748,seed,1333,281,1360,306
test_5.png,3840,2748,seed,1320,242,1350,272
test_5.png,3840,2748,seed,1317,197,1338,238
test_5.png,3840,2748,seed,1469,319,1500,382
test_5.png,3840,2748,seed,1477,153,1507,216
test_5.png,3840,2748,seed,1437,52,1458,112
test_5.png,3840,2748,seed,1525,604,1544,647
test_5.png,3840,2748,seed,1411,873,1435,922
test_5.png,3840,2748,seed,1464,782,1495,835
test_5.png,3840,2748,seed,1409,804,1434,845
test_5.png,3840,2748,seed,1406,759,1433,798
test_5.png,3840,2748,seed,1674,961,1720,1022
test_5.png,3840,2748,seed,1655,866,1686,938
test_5.png,3840,2748,seed,1736,727,1764,782
test_5.png,3840,2748,seed,1648,697,1665,734
test_5.png,3840,2748,seed,1635,801,1669,857
test_5.png,3840,2748,seed,1402,1305,1430,1348
test_5.png,3840,2748,seed,1371,1168,1396,1222
test_5.png,3840,2748,seed,1354,837,1390,896
test_5.png,3840,2748,seed,1352,765,1382,814
test_5.png,3840,2748,seed,1299,928,1337,987
test_5.png,3840,2748,seed,1361,974,1386,1026
test_5.png,3840,2748,seed,1301,1018,1324,1068
test_5.png,3840,2748,seed,1170,603,1193,644
test_5.png,3840,2748,seed,1122,494,1158,529
test_5.png,3840,2748,seed,1270,476,1303,533
test_5.png,3840,2748,seed,1270,544,1301,606
test_5.png,3840,2748,seed,1288,610,1317,675
test_5.png,3840,2748,seed,1154,655,1187,707
test_5.png,3840,2748,seed,1145,577,1164,621
test_5.png,3840,2748,seed,1124,536,1149,586
test_5.png,3840,2748,seed,1062,549,1095,583
test_5.png,3840,2748,seed,1016,1227,1054,1279
test_5.png,3840,2748,seed,930,991,961,1031
test_5.png,3840,2748,seed,967,939,1002,984
test_5.png,3840,2748,seed,938,895,968,931
test_5.png,3840,2748,seed,947,860,987,905
test_5.png,3840,2748,seed,921,789,953,832
test_5.png,3840,2748,seed,904,753,925,803
test_5.png,3840,2748,seed,888,717,909,775
test_5.png,3840,2748,seed,854,727,882,777
test_5.png,3840,2748,seed,870,814,905,862
test_5.png,3840,2748,seed,880,909,913,952
test_5.png,3840,2748,seed,1609,1011,1641,1065
test_5.png,3840,2748,seed,1982,300,2034,367
test_5.png,3840,2748,seed,1608,1686,1645,1755
test_5.png,3840,2748,seed,1600,1469,1633,1527
test_5.png,3840,2748,seed,1628,1432,1650,1481
test_5.png,3840,2748,seed,1617,1306,1651,1372
test_5.png,3840,2748,seed,1282,1374,1318,1440
test_5.png,3840,2748,seed,1485,1376,1529,1440
test_5.png,3840,2748,seed,1299,1548,1344,1618
test_5.png,3840,2748,seed,1273,1447,1322,1516
test_5.png,3840,2748,seed,1228,1067,1267,1125
test_5.png,3840,2748,seed,1213,1001,1248,1043
test_5.png,3840,2748,seed,1082,898,1116,960
test_5.png,3840,2748,seed,1093,962,1132,1023
test_5.png,3840,2748,seed,1173,1247,1230,1285
test_5.png,3840,2748,seed,1150,1179,1211,1222
test_5.png,3840,2748,seed,976,1181,1020,1233
test_5.png,3840,2748,seed,899,1354,945,1401
test_5.png,3840,2748,seed,869,1277,920,1333
test_5.png,3840,2748,seed,836,1153,887,1213
test_5.png,3840,2748,seed,835,1094,873,1150
test_5.png,3840,2748,seed,818,1033,850,1090
test_5.png,3840,2748,seed,973,1503,1008,1552
test_5.png,3840,2748,seed,945,1457,986,1502
test_5.png,3840,2748,seed,1118,1733,1158,1770
test_5.png,3840,2748,seed,1219,1759,1264,1813
test_5.png,3840,2748,seed,1183,1694,1227,1746
test_5.png,3840,2748,seed,1290,1873,1326,1932
test_5.png,3840,2748,seed,1622,2493,1664,2565
test_5.png,3840,2748,seed,1749,1309,1802,1371
test_5.png,3840,2748,seed,2116,1160,2151,1216
test_5.png,3840,2748,seed,2139,1087,2176,1155
test_5.png,3840,2748,seed,2180,958,2212,1025
test_5.png,3840,2748,seed,2207,845,2260,910
test_5.png,3840,2748,seed,2243,778,2277,840
test_5.png,3840,2748,seed,2201,732,2260,796
test_5.png,3840,2748,seed,2045,954,2090,992
test_5.png,3840,2748,seed,2067,862,2106,928
test_5.png,3840,2748,seed,2031,1394,2065,1469
test_5.png,3840,2748,seed,2064,1371,2108,1442
test_5.png,3840,2748,seed,2143,1592,2180,1641
test_5.png,3840,2748,seed,2162,1496,2196,1579
test_5.png,3840,2748,seed,2114,1921,2151,1974
test_5.png,3840,2748,seed,2154,1876,2193,1917
test_5.png,3840,2748,seed,2039,1812,2071,1873
test_5.png,3840,2748,seed,2073,1687,2122,1764
test_5.png,3840,2748,seed,1630,2316,1661,2358
test_5.png,3840,2748,seed,1885,2273,1923,2328
test_5.png,3840,2748,seed,1839,2309,1868,2367
test_5.png,3840,2748,seed,1800,2354,1838,2434
test_5.png,3840,2748,seed,1845,2440,1866,2496
test_5.png,3840,2748,seed,1802,2474,1837,2525
test_5.png,3840,2748,seed,1940,2156,1985,2242
test_5.png,3840,2748,seed,1856,1776,1933,1858
test_5.png,3840,2748,seed,1600,1933,1666,1993
test_5.png,3840,2748,seed,1603,2573,1653,2646
test_4.png,3840,2748,seed,2131,173,2188,257
test_4.png,3840,2748,seed,2818,1971,2858,2046
test_4.png,3840,2748,seed,2282,311,2325,398
test_4.png,3840,2748,seed,2410,65,2450,128
test_4.png,3840,2748,seed,2399,121,2426,181
test_4.png,3840,2748,seed,2163,436,2212,513
test_4.png,3840,2748,seed,2323,225,2374,292
test_4.png,3840,2748,seed,2299,168,2331,251
test_4.png,3840,2748,seed,2297,120,2344,200
test_4.png,3840,2748,seed,2236,8,2285,83
test_4.png,3840,2748,seed,2251,97,2283,154
test_4.png,3840,2748,seed,2592,2426,2642,2482
test_4.png,3840,2748,seed,2201,1635,2223,1684
test_4.png,3840,2748,seed,2210,1587,2236,1629
test_4.png,3840,2748,seed,2207,1118,2241,1176
test_4.png,3840,2748,seed,2169,1155,2194,1213
test_4.png,3840,2748,seed,2205,1263,2222,1322
test_4.png,3840,2748,seed,2319,947,2347,1000
test_4.png,3840,2748,seed,2230,1023,2251,1084
test_4.png,3840,2748,seed,2440,1030,2476,1079
test_4.png,3840,2748,seed,2595,749,2620,814
test_4.png,3840,2748,seed,2613,754,2643,801
test_4.png,3840,2748,seed,2533,628,2556,686
test_4.png,3840,2748,seed,2508,718,2534,781
test_4.png,3840,2748,seed,2563,584,2598,652
test_4.png,3840,2748,seed,2636,632,2664,696
test_4.png,3840,2748,seed,2659,497,2687,555
test_4.png,3840,2748,seed,2692,465,2740,524
test_4.png,3840,2748,seed,2620,169,2655,231
test_4.png,3840,2748,seed,2311,679,2337,733
test_4.png,3840,2748,seed,2137,657,2158,712
test_4.png,3840,2748,seed,2326,832,2348,875
test_4.png,3840,2748,seed,2455,781,2485,830
test_4.png,3840,2748,seed,2470,689,2505,744
test_4.png,3840,2748,seed,2356,633,2389,690
test_4.png,3840,2748,seed,2535,503,2563,555
test_4.png,3840,2748,seed,2627,378,2654,434
test_4.png,3840,2748,seed,2588,389,2623,456
test_4.png,3840,2748,seed,2618,228,2655,289
test_4.png,3840,2748,seed,2606,305,2641,360
test_4.png,3840,2748,seed,2521,347,2546,393
test_4.png,3840,2748,seed,2522,283,2544,341
test_4.png,3840,2748,seed,2472,256,2494,326
test_4.png,3840,2748,seed,2170,282,2199,331
test_4.png,3840,2748,seed,2159,323,2193,386
test_4.png,3840,2748,seed,2373,416,2398,480
test_4.png,3840,2748,seed,2001,959,2025,1025
test_4.png,3840,2748,seed,2115,910,2156,974
test_4.png,3840,2748,seed,1619,705,1649,748
test_4.png,3840,2748,seed,1620,648,1641,698
test_4.png,3840,2748,seed,1281,663,1308,710
test_4.png,3840,2748,seed,1761,450,1807,488
test_4.png,3840,2748,seed,1744,310,1789,364
test_4.png,3840,2748,seed,1762,121,1784,179
test_4.png,3840,2748,seed,1761,71,1780,127
test_4.png,3840,2748,seed,1829,2,1862,31
test_4.png,3840,2748,seed,1836,24,1873,80
test_4.png,3840,2748,seed,1832,61,1885,115
test_4.png,3840,2748,seed,1523,-4,1549,39
test_4.png,3840,2748,seed,1505,79,1544,130
test_4.png,3840,2748,seed,1666,48,1687,94
test_4.png,3840,2748,seed,1703,64,1742,102
test_4.png,3840,2748,seed,1448,47,1504,101
test_4.png,3840,2748,seed,1640,17,1665,66
test_4.png,3840,2748,seed,982,73,1022,114
test_4.png,3840,2748,seed,1163,195,1208,272
test_4.png,3840,2748,seed,1189,275,1228,342
test_4.png,3840,2748,seed,1489,450,1533,515
test_4.png,3840,2748,seed,1735,101,1761,157
test_4.png,3840,2748,seed,1753,196,1782,236
test_4.png,3840,2748,seed,1791,221,1811,272
test_4.png,3840,2748,seed,1716,152,1740,196
test_4.png,3840,2748,seed,1573,195,1607,240
test_4.png,3840,2748,seed,1625,269,1658,321
test_4.png,3840,2748,seed,1717,245,1752,298
test_4.png,3840,2748,seed,1810,309,1842,356
test_4.png,3840,2748,seed,1788,398,1828,444
test_4.png,3840,2748,seed,1918,466,1943,499
test_4.png,3840,2748,seed,1904,516,1925,554
test_4.png,3840,2748,seed,2008,411,2028,453
test_4.png,3840,2748,seed,2004,558,2050,616
test_4.png,3840,2748,seed,1849,1711,1883,1757
test_4.png,3840,2748,seed,1874,1444,1898,1498
test_4.png,3840,2748,seed,1759,514,1786,562
test_4.png,3840,2748,seed,1733,455,1764,503
test_4.png,3840,2748,seed,1491,677,1533,701
test_4.png,3840,2748,seed,1460,641,1498,671
test_4.png,3840,2748,seed,1545,588,1586,627
test_4.png,3840,2748,seed,1532,533,1572,577
test_4.png,3840,2748,seed,1526,465,1545,518
test_4.png,3840,2748,seed,1600,519,1626,564
test_4.png,3840,2748,seed,1619,577,1642,632
test_4.png,3840,2748,seed,1511,352,1543,404
test_4.png,3840,2748,seed,1501,313,1542,355
test_4.png,3840,2748,seed,1592,480,1625,524
test_4.png,3840,2748,seed,1481,398,1520,445
test_4.png,3840,2748,seed,1470,341,1510,386
test_4.png,3840,2748,seed,1479,224,1496,280
test_4.png,3840,2748,seed,1461,202,1485,235
test_4.png,3840,2748,seed,1462,135,1489,198
test_4.png,3840,2748,seed,1443,84,1470,131
test_4.png,3840,2748,seed,1145,284,1183,314
test_4.png,3840,2748,seed,1186,332,1221,378
test_4.png,3840,2748,seed,1173,391,1214,454
test_4.png,3840,2748,seed,1139,337,1183,368
test_4.png,3840,2748,seed,1105,255,1145,284
test_4.png,3840,2748,seed,1048,176,1095,229
test_4.png,3840,2748,seed,1176,111,1207,159
test_4.png,3840,2748,seed,933,47,988,80
test_4.png,3840,2748,seed,1213,593,1255,640
test_4.png,3840,2748,seed,1427,670,1460,715
test_4.png,3840,2748,seed,1391,623,1423,679
test_4.png,3840,2748,seed,1151,417,1196,475
test_4.png,3840,2748,seed,1191,520,1245,574
test_4.png,3840,2748,seed,1731,896,1773,956
test_4.png,3840,2748,seed,1742,804,1759,864
test_4.png,3840,2748,seed,1689,715,1710,779
test_4.png,3840,2748,seed,1829,1082,1865,1134
test_4.png,3840,2748,seed,1820,990,1842,1045
test_4.png,3840,2748,seed,1798,929,1832,961
test_4.png,3840,2748,seed,1784,867,1821,913
test_4.png,3840,2748,seed,1999,891,2035,954
test_4.png,3840,2748,seed,1841,705,1880,775
test_4.png,3840,2748,seed,1920,953,1974,995
test_4.png,3840,2748,seed,2365,1113,2425,1172
test_4.png,3840,2748,seed,1732,1042,1759,1100
test_4.png,3840,2748,seed,1737,1121,1783,1168
test_4.png,3840,2748,seed,1765,1189,1802,1258
test_4.png,3840,2748,seed,2151,1255,2195,1308
test_4.png,3840,2748,seed,2187,1453,2224,1522
test_4.png,3840,2748,seed,1977,1521,2025,1591
test_4.png,3840,2748,seed,1795,1522,1851,1582
test_4.png,3840,2748,seed,1804,1395,1840,1461
test_4.png,3840,2748,seed,1814,1590,1858,1659
test_4.png,3840,2748,seed,2045,1589,2082,1654
test_4.png,3840,2748,seed,2161,1829,2220,1912
test_4.png,3840,2748,seed,2495,2545,2533,2599
test_4.png,3840,2748,seed,2486,2519,2509,2582
test_4.png,3840,2748,seed,2535,2473,2561,2520
test_4.png,3840,2748,seed,1428,1344,1469,1415
test_4.png,3840,2748,seed,1245,957,1311,1028
test_4.png,3840,2748,seed,1204,893,1262,951
test_4.png,3840,2748,seed,1205,870,1241,919
test_4.png,3840,2748,seed,1229,858,1259,906
test_4.png,3840,2748,seed,1356,1195,1405,1249
test_4.png,3840,2748,seed,1236,987,1291,1029
test_4.png,3840,2748,seed,1228,1012,1275,1049
test_4.png,3840,2748,seed,1187,813,1228,867
test_4.png,3840,2748,seed,1158,841,1196,883
test_4.png,3840,2748,seed,1123,812,1161,852
test_4.png,3840,2748,seed,1382,1301,1425,1349
test_4.png,3840,2748,seed,1129,1203,1167,1254
test_4.png,3840,2748,seed,1097,1131,1165,1197
test_4.png,3840,2748,seed,1135,1262,1193,1319
test_4.png,3840,2748,seed,1167,1386,1238,1456
test_4.png,3840,2748,seed,1212,1478,1276,1528
test_4.png,3840,2748,seed,1263,1569,1331,1643
test_4.png,3840,2748,seed,1702,1905,1774,1970
test_4.png,3840,2748,seed,1672,1834,1733,1894
test_4.png,3840,2748,seed,1785,2010,1853,2105
test_4.png,3840,2748,seed,1523,1879,1586,1930
test_4.png,3840,2748,seed,1381,1002,1435,1057
test_4.png,3840,2748,seed,1408,1073,1476,1150
test_4.png,3840,2748,seed,1552,1282,1617,1352
test_4.png,3840,2748,seed,1565,1369,1641,1422
test_4.png,3840,2748,seed,2936,1310,2994,1392
test_4.png,3840,2748,seed,2976,1262,3015,1322
test_4.png,3840,2748,seed,2969,1748,3031,1823
test_4.png,3840,2748,seed,3002,1656,3041,1732
test_4.png,3840,2748,seed,2695,2182,2749,2255
test_4.png,3840,2748,seed,2839,1126,2901,1171
test_4.png,3840,2748,seed,3010,1127,3067,1214
test_4.png,3840,2748,seed,3099,954,3145,1022
test_4.png,3840,2748,seed,2862,1031,2930,1112
test_4.png,3840,2748,seed,3008,907,3102,990
test_4.png,3840,2748,seed,2855,1531,2911,1609
test_4.png,3840,2748,seed,2545,2587,2591,2661
test_4.png,3840,2748,seed,2486,2629,2527,2694
test_4.png,3840,2748,seed,2697,2304,2761,2390
test_4.png,3840,2748,seed,3004,2017,3070,2086
test_4.png,3840,2748,seed,2871,1844,2938,1948
test_4.png,3840,2748,seed,2579,1939,2677,2019
test_4.png,3840,2748,seed,2260,2080,2341,2172
test_4.png,3840,2748,seed,2461,1442,2538,1528
